file,model,seed,difficulty,macro_f1,ece_cal,nll_cal,brier,class_overlap,env_burst_rate,gain_drift_std,sc_corr_rho,label_noise_prob
results_gpu/d2/paperA_bilstm_hard_s0_cla0p0_env0p0_lab0p0.json,bilstm,0,hard,1.0,0.0,2.2848437808420385e-08,4.593516085019868e-15,0.0,0.0,0.1,0.5,0.0
results_gpu/d2/paperA_bilstm_hard_s0_cla0p0_env0p0_lab0p05.json,bilstm,0,hard,1.0,5.960464477539063e-08,8.415617003265652e-08,2.086788597095754e-12,0.0,0.0,0.1,0.5,0.05
results_gpu/d2/paperA_bilstm_hard_s0_cla0p0_env0p0_lab0p1.json,bilstm,0,hard,1.0,0.0,2.145766409000771e-08,2.637851757135927e-15,0.0,0.0,0.1,0.5,0.1
results_gpu/d2/paperA_bilstm_hard_s0_cla0p0_env0p1_lab0p0.json,bilstm,0,hard,0.9996587732969855,0.0001809143821398417,0.00026103146956302226,2.455584774174403e-05,0.0,0.1,0.1,0.5,0.0
results_gpu/d2/paperA_bilstm_hard_s0_cla0p0_env0p1_lab0p05.json,bilstm,0,hard,0.9996740458936582,0.0006056865255037944,0.0011985638411715627,8.061897294563791e-05,0.0,0.1,0.1,0.5,0.05
results_gpu/d2/paperA_bilstm_hard_s0_cla0p0_env0p1_lab0p1.json,bilstm,0,hard,0.9996446791715372,0.0003326535224914551,0.0021008476614952087,8.302697904409618e-05,0.0,0.1,0.1,0.5,0.1
results_gpu/d2/paperA_bilstm_hard_s0_cla0p0_env0p2_lab0p0.json,bilstm,0,hard,0.9996665050259602,0.0003995771010716756,0.0027198782190680504,8.661382716829804e-05,0.0,0.2,0.1,0.5,0.0
results_gpu/d2/paperA_bilstm_hard_s0_cla0p0_env0p2_lab0p05.json,bilstm,0,hard,0.9996663438213629,0.0003305673599243164,0.007785141002386808,8.333774974198012e-05,0.0,0.2,0.1,0.5,0.05
results_gpu/d2/paperA_bilstm_hard_s0_cla0p0_env0p2_lab0p1.json,bilstm,0,hard,0.9996733577294279,0.0003331303596496582,0.007721264380961657,8.333336308317657e-05,0.0,0.2,0.1,0.5,0.1
results_gpu/d2/paperA_bilstm_hard_s0_cla0p4_env0p0_lab0p0.json,bilstm,0,hard,0.9247861658862754,0.008298082907994588,0.20701611042022705,0.014481005073894685,0.4,0.0,0.1,0.5,0.0
results_gpu/d2/paperA_bilstm_hard_s0_cla0p4_env0p0_lab0p05.json,bilstm,0,hard,0.9261556397013122,0.009058992822964988,0.20516259968280792,0.014324223478752757,0.4,0.0,0.1,0.5,0.05
results_gpu/d2/paperA_bilstm_hard_s0_cla0p4_env0p0_lab0p1.json,bilstm,0,hard,0.930097423528615,0.013518405576546984,0.19703194499015808,0.013594801983548,0.4,0.0,0.1,0.5,0.1
results_gpu/d2/paperA_bilstm_hard_s0_cla0p4_env0p1_lab0p0.json,bilstm,0,hard,0.9259901553902122,0.008302542984485626,0.21799030900001526,0.014977169930559477,0.4,0.1,0.1,0.5,0.0
results_gpu/d2/paperA_bilstm_hard_s0_cla0p4_env0p1_lab0p05.json,bilstm,0,hard,0.9261789271804256,0.008068385620911916,0.20734895765781403,0.014331286257550618,0.4,0.1,0.1,0.5,0.05
results_gpu/d2/paperA_bilstm_hard_s0_cla0p4_env0p1_lab0p1.json,bilstm,0,hard,0.9200245662377042,0.014365235110123952,0.22488735616207123,0.015501547223510045,0.4,0.1,0.1,0.5,0.1
results_gpu/d2/paperA_bilstm_hard_s0_cla0p4_env0p2_lab0p0.json,bilstm,0,hard,0.9325177204395193,0.006610051890214284,0.1963224560022354,0.013164882834258672,0.4,0.2,0.1,0.5,0.0
results_gpu/d2/paperA_bilstm_hard_s0_cla0p4_env0p2_lab0p05.json,bilstm,0,hard,0.9341197566241157,0.015728610932826997,0.19021004438400269,0.012904474674748822,0.4,0.2,0.1,0.5,0.05
results_gpu/d2/paperA_bilstm_hard_s0_cla0p4_env0p2_lab0p1.json,bilstm,0,hard,0.937399111262303,0.00902924104531606,0.1799173206090927,0.012099424333030559,0.4,0.2,0.1,0.5,0.1
results_gpu/d2/paperA_bilstm_hard_s0_cla0p8_env0p0_lab0p0.json,bilstm,0,hard,0.7089834429711329,0.018360753456751505,0.6626458168029785,0.04817338122872003,0.8,0.0,0.1,0.5,0.0
results_gpu/d2/paperA_bilstm_hard_s0_cla0p8_env0p0_lab0p05.json,bilstm,0,hard,0.7252906436201827,0.01791975273688634,0.656126856803894,0.04735759474995071,0.8,0.0,0.1,0.5,0.05
results_gpu/d2/paperA_bilstm_hard_s0_cla0p8_env0p0_lab0p1.json,bilstm,0,hard,0.707328163653518,0.01979023716847102,0.6595200300216675,0.04862107888367539,0.8,0.0,0.1,0.5,0.1
results_gpu/d2/paperA_bilstm_hard_s0_cla0p8_env0p1_lab0p0.json,bilstm,0,hard,0.9043106161468417,0.011166713585456213,0.2534559667110443,0.017655527123298594,0.8,0.1,0.1,0.5,0.0
results_gpu/d2/paperA_bilstm_hard_s0_cla0p8_env0p1_lab0p05.json,bilstm,0,hard,0.9053674050683274,0.014690895706415175,0.24519291520118713,0.017458721905228552,0.8,0.1,0.1,0.5,0.05
results_gpu/d2/paperA_bilstm_hard_s0_cla0p8_env0p1_lab0p1.json,bilstm,0,hard,0.7120889108099683,0.019325540274381638,0.6417320370674133,0.047394248577268254,0.8,0.1,0.1,0.5,0.1
results_gpu/d2/paperA_bilstm_hard_s0_cla0p8_env0p2_lab0p0.json,bilstm,0,hard,0.9561806681196368,0.015422265271345775,0.12766221165657043,0.008543561357226667,0.8,0.2,0.1,0.5,0.0
results_gpu/d2/paperA_bilstm_hard_s0_cla0p8_env0p2_lab0p05.json,bilstm,0,hard,0.9465973094583339,0.011353706061840056,0.13977909088134766,0.009782518121306455,0.8,0.2,0.1,0.5,0.05
results_gpu/d2/paperA_bilstm_hard_s0_cla0p8_env0p2_lab0p1.json,bilstm,0,hard,0.9635734494055326,0.007390351315339406,0.11557969450950623,0.007119354404881716,0.8,0.2,0.1,0.5,0.1
results_gpu/d2/paperA_bilstm_hard_s1_cla0p0_env0p0_lab0p0.json,bilstm,1,hard,1.0,0.0,4.609399972821393e-09,1.3095855617210735e-14,0.0,0.0,0.1,0.5,0.0
results_gpu/d2/paperA_bilstm_hard_s1_cla0p0_env0p0_lab0p05.json,bilstm,1,hard,1.0,0.0,1.2636163226886765e-08,9.543928408950562e-15,0.0,0.0,0.1,0.5,0.05
results_gpu/d2/paperA_bilstm_hard_s1_cla0p0_env0p0_lab0p1.json,bilstm,1,hard,1.0,0.0,2.980218516412947e-09,6.630223004435495e-15,0.0,0.0,0.1,0.5,0.1
results_gpu/d2/paperA_bilstm_hard_s1_cla0p0_env0p1_lab0p0.json,bilstm,1,hard,1.0,1.7881393432617188e-07,1.957667592478174e-07,6.960291747387738e-12,0.0,0.1,0.1,0.5,0.0
results_gpu/d2/paperA_bilstm_hard_s1_cla0p0_env0p1_lab0p05.json,bilstm,1,hard,1.0,0.0,3.695473704823371e-09,7.150915803668133e-15,0.0,0.1,0.1,0.5,0.05
results_gpu/d2/paperA_bilstm_hard_s1_cla0p0_env0p1_lab0p1.json,bilstm,1,hard,1.0,0.0,1.1245358422229401e-08,2.4977518151927747e-14,0.0,0.1,0.1,0.5,0.1
results_gpu/d2/paperA_bilstm_hard_s1_cla0p0_env0p2_lab0p0.json,bilstm,1,hard,1.0,0.0,4.291506705556003e-09,1.3798666873769893e-14,0.0,0.2,0.1,0.5,0.0
results_gpu/d2/paperA_bilstm_hard_s1_cla0p0_env0p2_lab0p05.json,bilstm,1,hard,1.0,0.0,4.1999193456376815e-08,1.1040464698334817e-12,0.0,0.2,0.1,0.5,0.05
results_gpu/d2/paperA_bilstm_hard_s1_cla0p0_env0p2_lab0p1.json,bilstm,1,hard,1.0,0.0,3.4967888584702678e-09,8.569064931223367e-15,0.0,0.2,0.1,0.5,0.1
results_gpu/d2/paperA_bilstm_hard_s1_cla0p4_env0p0_lab0p0.json,bilstm,1,hard,0.9276487270283513,0.02087115815281868,0.20367936789989471,0.014173732568848062,0.4,0.0,0.1,0.5,0.0
results_gpu/d2/paperA_bilstm_hard_s1_cla0p4_env0p0_lab0p05.json,bilstm,1,hard,0.9290000806911469,0.007388491372267406,0.19828063249588013,0.013870653691773276,0.4,0.0,0.1,0.5,0.05
results_gpu/d2/paperA_bilstm_hard_s1_cla0p4_env0p0_lab0p1.json,bilstm,1,hard,0.9225263861948709,0.008357777456442514,0.22776322066783905,0.0156944926192691,0.4,0.0,0.1,0.5,0.1
results_gpu/d2/paperA_bilstm_hard_s1_cla0p4_env0p1_lab0p0.json,bilstm,1,hard,0.9280596118799174,0.008391854822635651,0.20422415435314178,0.0142100359238076,0.4,0.1,0.1,0.5,0.0
results_gpu/d2/paperA_bilstm_hard_s1_cla0p4_env0p1_lab0p05.json,bilstm,1,hard,0.9315801955499119,0.012592905461788177,0.202567458152771,0.013758325474278833,0.4,0.1,0.1,0.5,0.05
results_gpu/d2/paperA_bilstm_hard_s1_cla0p4_env0p1_lab0p1.json,bilstm,1,hard,0.8969511824600807,0.021125223497549694,0.2982694208621979,0.020800656354034757,0.4,0.1,0.1,0.5,0.1
results_gpu/d2/paperA_bilstm_hard_s1_cla0p4_env0p2_lab0p0.json,bilstm,1,hard,0.935646849000883,0.009805324077606202,0.1782715618610382,0.012565592452520702,0.4,0.2,0.1,0.5,0.0
results_gpu/d2/paperA_bilstm_hard_s1_cla0p4_env0p2_lab0p05.json,bilstm,1,hard,0.9140800032763201,0.01453204678495725,0.23376688361167908,0.01636475485226481,0.4,0.2,0.1,0.5,0.05
results_gpu/d2/paperA_bilstm_hard_s1_cla0p4_env0p2_lab0p1.json,bilstm,1,hard,0.9317730128225997,0.008421460171540579,0.19719037413597107,0.013645347826711396,0.4,0.2,0.1,0.5,0.1
results_gpu/d2/paperA_bilstm_hard_s1_cla0p8_env0p0_lab0p0.json,bilstm,1,hard,0.6858659567986929,0.020316641877094904,0.6797179579734802,0.05007382631661604,0.8,0.0,0.1,0.5,0.0
results_gpu/d2/paperA_bilstm_hard_s1_cla0p8_env0p0_lab0p05.json,bilstm,1,hard,0.717225186011041,0.04448733707269032,0.673944354057312,0.049072604262048417,0.8,0.0,0.1,0.5,0.05
results_gpu/d2/paperA_bilstm_hard_s1_cla0p8_env0p0_lab0p1.json,bilstm,1,hard,0.7069867032084629,0.021128713071346283,0.6691588759422302,0.04923613536668495,0.8,0.0,0.1,0.5,0.1
results_gpu/d2/paperA_bilstm_hard_s1_cla0p8_env0p1_lab0p0.json,bilstm,1,hard,0.9070521878302056,0.014738919804493586,0.2487977147102356,0.016851447827238027,0.8,0.1,0.1,0.5,0.0
results_gpu/d2/paperA_bilstm_hard_s1_cla0p8_env0p1_lab0p05.json,bilstm,1,hard,0.7046873895564465,0.027301027188698448,0.6650832295417786,0.048491880764844696,0.8,0.1,0.1,0.5,0.05
results_gpu/d2/paperA_bilstm_hard_s1_cla0p8_env0p1_lab0p1.json,bilstm,1,hard,0.9111921459452319,0.022068667113780974,0.2868058979511261,0.018704882609426182,0.8,0.1,0.1,0.5,0.1
results_gpu/d2/paperA_bilstm_hard_s1_cla0p8_env0p2_lab0p0.json,bilstm,1,hard,0.9466347107794435,0.01013888649145762,0.15401549637317657,0.010422807834568044,0.8,0.2,0.1,0.5,0.0
results_gpu/d2/paperA_bilstm_hard_s1_cla0p8_env0p2_lab0p05.json,bilstm,1,hard,0.9578739869551895,0.00284086283047994,0.14170809090137482,0.008649435858845953,0.8,0.2,0.1,0.5,0.05
results_gpu/d2/paperA_bilstm_hard_s1_cla0p8_env0p2_lab0p1.json,bilstm,1,hard,0.9401261766603126,0.013830340723196666,0.16655217111110687,0.011091647259200482,0.8,0.2,0.1,0.5,0.1
results_gpu/d2/paperA_bilstm_hard_s2_cla0p0_env0p0_lab0p0.json,bilstm,2,hard,1.0,0.0,4.529929320540305e-09,1.1479350386583524e-14,0.0,0.0,0.1,0.5,0.0
results_gpu/d2/paperA_bilstm_hard_s2_cla0p0_env0p0_lab0p05.json,bilstm,2,hard,1.0,0.0,1.5814951126458254e-08,7.321344688504665e-14,0.0,0.0,0.1,0.5,0.05
results_gpu/d2/paperA_bilstm_hard_s2_cla0p0_env0p0_lab0p1.json,bilstm,2,hard,1.0,0.0,1.9868188871896564e-08,1.2729540029737103e-14,0.0,0.0,0.1,0.5,0.1
results_gpu/d2/paperA_bilstm_hard_s2_cla0p0_env0p1_lab0p0.json,bilstm,2,hard,0.9996692421445009,0.0005169750650723775,0.0012872208608314395,7.327982511523287e-05,0.0,0.1,0.1,0.5,0.0
results_gpu/d2/paperA_bilstm_hard_s2_cla0p0_env0p1_lab0p05.json,bilstm,2,hard,1.0,0.0,2.8610125379913143e-09,5.039132343219726e-15,0.0,0.1,0.1,0.5,0.05
results_gpu/d2/paperA_bilstm_hard_s2_cla0p0_env0p1_lab0p1.json,bilstm,2,hard,1.0,0.0,3.0994269373252337e-09,7.246531038553809e-15,0.0,0.1,0.1,0.5,0.1
results_gpu/d2/paperA_bilstm_hard_s2_cla0p0_env0p2_lab0p0.json,bilstm,2,hard,0.999654011273983,0.0003333091735839844,0.02095433883368969,8.33333333454379e-05,0.0,0.2,0.1,0.5,0.0
results_gpu/d2/paperA_bilstm_hard_s2_cla0p0_env0p2_lab0p05.json,bilstm,2,hard,0.9996566521990251,0.00032955408096313477,0.0015002890722826123,8.149367609905039e-05,0.0,0.2,0.1,0.5,0.05
results_gpu/d2/paperA_bilstm_hard_s2_cla0p0_env0p2_lab0p1.json,bilstm,2,hard,0.9996695646427212,0.0002610929807027181,0.0005097432294860482,5.112761668279111e-05,0.0,0.2,0.1,0.5,0.1
results_gpu/d2/paperA_bilstm_hard_s2_cla0p4_env0p0_lab0p0.json,bilstm,2,hard,0.9347787800192018,0.006660722921291987,0.17668141424655914,0.01230972183829759,0.4,0.0,0.1,0.5,0.0
results_gpu/d2/paperA_bilstm_hard_s2_cla0p4_env0p0_lab0p05.json,bilstm,2,hard,0.928535261141886,0.010031403263409932,0.20697623491287231,0.014197779696623525,0.4,0.0,0.1,0.5,0.05
results_gpu/d2/paperA_bilstm_hard_s2_cla0p4_env0p0_lab0p1.json,bilstm,2,hard,0.9235649011912108,0.017057443877061207,0.20140987634658813,0.014071153629011502,0.4,0.0,0.1,0.5,0.1
results_gpu/d2/paperA_bilstm_hard_s2_cla0p4_env0p1_lab0p0.json,bilstm,2,hard,0.9281169842417797,0.013631661196549733,0.1900911033153534,0.013372945701131808,0.4,0.1,0.1,0.5,0.0
results_gpu/d2/paperA_bilstm_hard_s2_cla0p4_env0p1_lab0p05.json,bilstm,2,hard,0.9293374674159911,0.008456558167934418,0.20267820358276367,0.013804697340902635,0.4,0.1,0.1,0.5,0.05
results_gpu/d2/paperA_bilstm_hard_s2_cla0p4_env0p1_lab0p1.json,bilstm,2,hard,0.9270332531048484,0.009908045649528503,0.1988014280796051,0.01366291093577011,0.4,0.1,0.1,0.5,0.1
results_gpu/d2/paperA_bilstm_hard_s2_cla0p4_env0p2_lab0p0.json,bilstm,2,hard,0.9419923216267665,0.009346295018990834,0.16828884184360504,0.01141228095298023,0.4,0.2,0.1,0.5,0.0
results_gpu/d2/paperA_bilstm_hard_s2_cla0p4_env0p2_lab0p05.json,bilstm,2,hard,0.9725289391615757,0.0075873221655686695,0.08712886273860931,0.005570476008248344,0.4,0.2,0.1,0.5,0.05
results_gpu/d2/paperA_bilstm_hard_s2_cla0p4_env0p2_lab0p1.json,bilstm,2,hard,0.9046836924909734,0.020923142711321514,0.2465396374464035,0.0177260258931929,0.4,0.2,0.1,0.5,0.1
results_gpu/d2/paperA_bilstm_hard_s2_cla0p8_env0p0_lab0p0.json,bilstm,2,hard,0.6985182701712257,0.024233938892682393,0.6719346642494202,0.04963532985634176,0.8,0.0,0.1,0.5,0.0
results_gpu/d2/paperA_bilstm_hard_s2_cla0p8_env0p0_lab0p05.json,bilstm,2,hard,0.6987780426029018,0.014385433177153269,0.6834580302238464,0.049890435225793645,0.8,0.0,0.1,0.5,0.05
results_gpu/d2/paperA_bilstm_hard_s2_cla0p8_env0p0_lab0p1.json,bilstm,2,hard,0.6975510070244252,0.022384108821551004,0.6760787963867188,0.04949864278970608,0.8,0.0,0.1,0.5,0.1
results_gpu/d2/paperA_bilstm_hard_s2_cla0p8_env0p1_lab0p0.json,bilstm,2,hard,0.7068032658764103,0.020339385261138283,0.6669763326644897,0.04923039872885043,0.8,0.1,0.1,0.5,0.0
results_gpu/d2/paperA_bilstm_hard_s2_cla0p8_env0p1_lab0p05.json,bilstm,2,hard,0.9122674081878235,0.018933222492535907,0.23910121619701385,0.016024046514698624,0.8,0.1,0.1,0.5,0.05
results_gpu/d2/paperA_bilstm_hard_s2_cla0p8_env0p1_lab0p1.json,bilstm,2,hard,0.9125502292239616,0.010903966923554737,0.2424176037311554,0.01598648625158915,0.8,0.1,0.1,0.5,0.1
results_gpu/d2/paperA_bilstm_hard_s2_cla0p8_env0p2_lab0p0.json,bilstm,2,hard,0.9392723429194243,0.013277665674686433,0.15679939091205597,0.011072904810414291,0.8,0.2,0.1,0.5,0.0
results_gpu/d2/paperA_bilstm_hard_s2_cla0p8_env0p2_lab0p05.json,bilstm,2,hard,0.961618212713174,0.005922885894775391,0.1154169887304306,0.007413105671387511,0.8,0.2,0.1,0.5,0.05
results_gpu/d2/paperA_bilstm_hard_s2_cla0p8_env0p2_lab0p1.json,bilstm,2,hard,0.9604733592196117,0.010390069385369616,0.12112048268318176,0.007776375139131938,0.8,0.2,0.1,0.5,0.1
results_gpu/d2/paperA_bilstm_hard_s3_cla0p0_env0p0_lab0p0.json,bilstm,3,hard,1.0,0.0,2.821277789166743e-08,4.0313574269802516e-14,0.0,0.0,0.1,0.5,0.0
results_gpu/d2/paperA_bilstm_hard_s3_cla0p0_env0p0_lab0p05.json,bilstm,3,hard,1.0,0.0,4.6570633571718645e-08,2.1692835548061e-13,0.0,0.0,0.1,0.5,0.05
results_gpu/d2/paperA_bilstm_hard_s3_cla0p0_env0p0_lab0p1.json,bilstm,3,hard,1.0,0.0,4.132564068726197e-09,1.2092135667380121e-14,0.0,0.0,0.1,0.5,0.1
results_gpu/d2/paperA_bilstm_hard_s3_cla0p0_env0p1_lab0p0.json,bilstm,3,hard,1.0,0.0,4.172298950777531e-09,1.3034423526298563e-14,0.0,0.1,0.1,0.5,0.0
results_gpu/d2/paperA_bilstm_hard_s3_cla0p0_env0p1_lab0p05.json,bilstm,3,hard,1.0,0.0,4.331242475785757e-09,1.411108387376217e-14,0.0,0.1,0.1,0.5,0.05
results_gpu/d2/paperA_bilstm_hard_s3_cla0p0_env0p1_lab0p1.json,bilstm,3,hard,1.0,0.0,1.8079745700561034e-08,1.6497558588750795e-13,0.0,0.1,0.1,0.5,0.1
results_gpu/d2/paperA_bilstm_hard_s3_cla0p0_env0p2_lab0p0.json,bilstm,3,hard,1.0,1.7881393432617188e-07,2.1538318151215208e-07,3.3830622202612435e-11,0.0,0.2,0.1,0.5,0.0
results_gpu/d2/paperA_bilstm_hard_s3_cla0p0_env0p2_lab0p05.json,bilstm,3,hard,0.9996749561970802,0.0002286426226298014,0.0022778220009058714,9.406688760474483e-05,0.0,0.2,0.1,0.5,0.05
results_gpu/d2/paperA_bilstm_hard_s3_cla0p0_env0p2_lab0p1.json,bilstm,3,hard,0.9996693589669674,0.0003333091735839844,0.041275687515735626,8.333333334152699e-05,0.0,0.2,0.1,0.5,0.1
results_gpu/d2/paperA_bilstm_hard_s3_cla0p4_env0p0_lab0p0.json,bilstm,3,hard,0.9299684912960042,0.006045166810353597,0.19039839506149292,0.013423948889024774,0.4,0.0,0.1,0.5,0.0
results_gpu/d2/paperA_bilstm_hard_s3_cla0p4_env0p0_lab0p05.json,bilstm,3,hard,0.9191119828652505,0.01051616864403089,0.21377535164356232,0.014732577687728936,0.4,0.0,0.1,0.5,0.05
results_gpu/d2/paperA_bilstm_hard_s3_cla0p4_env0p0_lab0p1.json,bilstm,3,hard,0.9339720428033647,0.011355624943971633,0.18686096370220184,0.013038616945269478,0.4,0.0,0.1,0.5,0.1
results_gpu/d2/paperA_bilstm_hard_s3_cla0p4_env0p1_lab0p0.json,bilstm,3,hard,0.9124165501426575,0.015432400465011598,0.24469584226608276,0.01701929337570233,0.4,0.1,0.1,0.5,0.0
results_gpu/d2/paperA_bilstm_hard_s3_cla0p4_env0p1_lab0p05.json,bilstm,3,hard,0.9254328164855947,0.0121542682548364,0.2169063687324524,0.014539277333543448,0.4,0.1,0.1,0.5,0.05
results_gpu/d2/paperA_bilstm_hard_s3_cla0p4_env0p1_lab0p1.json,bilstm,3,hard,0.930933135744368,0.013620457420746485,0.18868941068649292,0.013018979606560793,0.4,0.1,0.1,0.5,0.1
results_gpu/d2/paperA_bilstm_hard_s3_cla0p4_env0p2_lab0p0.json,bilstm,3,hard,0.9436305961909183,0.008814516137043635,0.15803462266921997,0.010724972555474086,0.4,0.2,0.1,0.5,0.0
results_gpu/d2/paperA_bilstm_hard_s3_cla0p4_env0p2_lab0p05.json,bilstm,3,hard,0.9283583273028758,0.00996186097462972,0.19998787343502045,0.013640748734189936,0.4,0.2,0.1,0.5,0.05
results_gpu/d2/paperA_bilstm_hard_s3_cla0p4_env0p2_lab0p1.json,bilstm,3,hard,0.9356065794946883,0.01114644596974055,0.17059554159641266,0.012051625372817227,0.4,0.2,0.1,0.5,0.1
results_gpu/d2/paperA_bilstm_hard_s3_cla0p8_env0p0_lab0p0.json,bilstm,3,hard,0.7029401846637029,0.019743497133255006,0.6605539321899414,0.048372221359779435,0.8,0.0,0.1,0.5,0.0
results_gpu/d2/paperA_bilstm_hard_s3_cla0p8_env0p0_lab0p05.json,bilstm,3,hard,0.7130026717396302,0.0260076920290788,0.6792237162590027,0.049353217156225676,0.8,0.0,0.1,0.5,0.05
results_gpu/d2/paperA_bilstm_hard_s3_cla0p8_env0p0_lab0p1.json,bilstm,3,hard,0.7228367289532258,0.021791425704956055,0.6385647654533386,0.047179357001542147,0.8,0.0,0.1,0.5,0.1
results_gpu/d2/paperA_bilstm_hard_s3_cla0p8_env0p1_lab0p0.json,bilstm,3,hard,0.8897655699395601,0.015804612706104913,0.2710382044315338,0.019122422796125877,0.8,0.1,0.1,0.5,0.0
results_gpu/d2/paperA_bilstm_hard_s3_cla0p8_env0p1_lab0p05.json,bilstm,3,hard,0.7023934938240581,0.015227398524681728,0.6891739964485168,0.05012136674569161,0.8,0.1,0.1,0.5,0.05
results_gpu/d2/paperA_bilstm_hard_s3_cla0p8_env0p1_lab0p1.json,bilstm,3,hard,0.9268810189299432,0.012488312184810637,0.2030198723077774,0.01367635652988244,0.8,0.1,0.1,0.5,0.1
results_gpu/d2/paperA_bilstm_hard_s3_cla0p8_env0p2_lab0p0.json,bilstm,3,hard,0.9549846051392137,0.009384257197380067,0.1259070485830307,0.008392272310978357,0.8,0.2,0.1,0.5,0.0
results_gpu/d2/paperA_bilstm_hard_s3_cla0p8_env0p2_lab0p05.json,bilstm,3,hard,0.9471651265150578,0.010956700374682743,0.1496010720729828,0.01021451541519924,0.8,0.2,0.1,0.5,0.05
results_gpu/d2/paperA_bilstm_hard_s3_cla0p8_env0p2_lab0p1.json,bilstm,3,hard,0.9546959993933848,0.006836101442575454,0.14000630378723145,0.00868813891979284,0.8,0.2,0.1,0.5,0.1
results_gpu/d2/paperA_bilstm_hard_s4_cla0p0_env0p0_lab0p0.json,bilstm,4,hard,0.9996519631978837,0.00039956716696421305,0.0006760791293345392,5.697270662480274e-05,0.0,0.0,0.1,0.5,0.0
results_gpu/d2/paperA_bilstm_hard_s4_cla0p0_env0p0_lab0p05.json,bilstm,4,hard,0.9996837257742728,0.0003949847221374512,0.0006208306294865906,5.548279671576517e-05,0.0,0.0,0.1,0.5,0.05
results_gpu/d2/paperA_bilstm_hard_s4_cla0p0_env0p0_lab0p1.json,bilstm,4,hard,0.9996774172065246,0.00025184879700342814,0.0015196078456938267,9.355460075793657e-05,0.0,0.0,0.1,0.5,0.1
results_gpu/d2/paperA_bilstm_hard_s4_cla0p0_env0p1_lab0p0.json,bilstm,4,hard,0.9996519631978837,0.00028440211216608686,0.0004798201844096184,4.3110021525647955e-05,0.0,0.1,0.1,0.5,0.0
results_gpu/d2/paperA_bilstm_hard_s4_cla0p0_env0p1_lab0p05.json,bilstm,4,hard,0.9996700327098009,0.00035376596450805656,0.0027043360751122236,0.00011147306228783493,0.0,0.1,0.1,0.5,0.05
results_gpu/d2/paperA_bilstm_hard_s4_cla0p0_env0p1_lab0p1.json,bilstm,4,hard,0.9993303919104741,0.00041328509648640946,0.0006119440076872706,5.685363281349794e-05,0.0,0.1,0.1,0.5,0.1
results_gpu/d2/paperA_bilstm_hard_s4_cla0p0_env0p2_lab0p0.json,bilstm,4,hard,0.9996519631978837,0.00026612510283788044,0.0004318324208725244,3.8993477724469444e-05,0.0,0.2,0.1,0.5,0.0
results_gpu/d2/paperA_bilstm_hard_s4_cla0p0_env0p2_lab0p05.json,bilstm,4,hard,1.0,0.0,2.781544106156275e-09,2.8062296735304017e-15,0.0,0.2,0.1,0.5,0.05
results_gpu/d2/paperA_bilstm_hard_s4_cla0p0_env0p2_lab0p1.json,bilstm,4,hard,1.0,0.0,4.450450230564229e-09,1.4916937194472234e-14,0.0,0.2,0.1,0.5,0.1
results_gpu/d2/paperA_bilstm_hard_s4_cla0p4_env0p0_lab0p0.json,bilstm,4,hard,0.9280948227963475,0.008553672949473064,0.19428609311580658,0.013703446418439737,0.4,0.0,0.1,0.5,0.0
results_gpu/d2/paperA_bilstm_hard_s4_cla0p4_env0p0_lab0p05.json,bilstm,4,hard,0.9316661680165743,0.00927157962322235,0.1918199062347412,0.013268084554061251,0.4,0.0,0.1,0.5,0.05
results_gpu/d2/paperA_bilstm_hard_s4_cla0p4_env0p0_lab0p1.json,bilstm,4,hard,0.9314591528602991,0.009333212375640871,0.18737564980983734,0.013201138689051501,0.4,0.0,0.1,0.5,0.1
results_gpu/d2/paperA_bilstm_hard_s4_cla0p4_env0p1_lab0p0.json,bilstm,4,hard,0.9281090083326176,0.007074309319257737,0.19061574339866638,0.013186083500689096,0.4,0.1,0.1,0.5,0.0
results_gpu/d2/paperA_bilstm_hard_s4_cla0p4_env0p1_lab0p05.json,bilstm,4,hard,0.9316536392285013,0.00872184184193611,0.19298085570335388,0.013286423399514408,0.4,0.1,0.1,0.5,0.05
results_gpu/d2/paperA_bilstm_hard_s4_cla0p4_env0p1_lab0p1.json,bilstm,4,hard,0.9246462950146987,0.007430621365706125,0.19708113372325897,0.01391544131072528,0.4,0.1,0.1,0.5,0.1
results_gpu/d2/paperA_bilstm_hard_s4_cla0p4_env0p2_lab0p0.json,bilstm,4,hard,0.9565727807600605,0.006019662857055664,0.12590686976909637,0.008649815704857695,0.4,0.2,0.1,0.5,0.0
results_gpu/d2/paperA_bilstm_hard_s4_cla0p4_env0p2_lab0p05.json,bilstm,4,hard,0.935384866183775,0.01020823363463084,0.18382149934768677,0.012605494482268297,0.4,0.2,0.1,0.5,0.05
results_gpu/d2/paperA_bilstm_hard_s4_cla0p4_env0p2_lab0p1.json,bilstm,4,hard,0.9342026628758047,0.005702882468700409,0.18874040246009827,0.012892356383792321,0.4,0.2,0.1,0.5,0.1
results_gpu/d2/paperA_bilstm_hard_s4_cla0p8_env0p0_lab0p0.json,bilstm,4,hard,0.6914393178094015,0.019268063485622402,0.678304135799408,0.05032449931114702,0.8,0.0,0.1,0.5,0.0
results_gpu/d2/paperA_bilstm_hard_s4_cla0p8_env0p0_lab0p05.json,bilstm,4,hard,0.7062661275002664,0.028371447443962097,0.6524935960769653,0.04816801881885586,0.8,0.0,0.1,0.5,0.05
results_gpu/d2/paperA_bilstm_hard_s4_cla0p8_env0p0_lab0p1.json,bilstm,4,hard,0.7061663381001284,0.020416948755582177,0.6627966165542603,0.049082742352107175,0.8,0.0,0.1,0.5,0.1
results_gpu/d2/paperA_bilstm_hard_s4_cla0p8_env0p1_lab0p0.json,bilstm,4,hard,0.9154016863694792,0.009400019546349841,0.22419850528240204,0.015623681294626754,0.8,0.1,0.1,0.5,0.0
results_gpu/d2/paperA_bilstm_hard_s4_cla0p8_env0p1_lab0p05.json,bilstm,4,hard,0.9165949671212206,0.014333542674779893,0.23309770226478577,0.015725911684904417,0.8,0.1,0.1,0.5,0.05
results_gpu/d2/paperA_bilstm_hard_s4_cla0p8_env0p1_lab0p1.json,bilstm,4,hard,0.6779132051675254,0.033251947760581976,0.6788626909255981,0.050635256917559324,0.8,0.1,0.1,0.5,0.1
results_gpu/d2/paperA_bilstm_hard_s4_cla0p8_env0p2_lab0p0.json,bilstm,4,hard,0.9601693558646632,0.010830353528261184,0.12034958600997925,0.007953091587058743,0.8,0.2,0.1,0.5,0.0
results_gpu/d2/paperA_bilstm_hard_s4_cla0p8_env0p2_lab0p05.json,bilstm,4,hard,0.9545115533373416,0.007256373673677445,0.13399940729141235,0.00869473163877779,0.8,0.2,0.1,0.5,0.05
results_gpu/d2/paperA_bilstm_hard_s4_cla0p8_env0p2_lab0p1.json,bilstm,4,hard,0.95568769596568,0.014916973700126014,0.1215854361653328,0.008062775538485601,0.8,0.2,0.1,0.5,0.1
results_gpu/d2/paperA_cnn_hard_s0_cla0p0_env0p0_lab0p0.json,cnn,0,hard,1.0,0.0,6.715454414774058e-09,1.3828259952881687e-15,0.0,0.0,0.1,0.5,0.0
results_gpu/d2/paperA_cnn_hard_s0_cla0p0_env0p0_lab0p05.json,cnn,0,hard,1.0,0.0,4.212043158702272e-09,9.240410847412437e-15,0.0,0.0,0.1,0.5,0.05
results_gpu/d2/paperA_cnn_hard_s0_cla0p0_env0p0_lab0p1.json,cnn,0,hard,1.0,0.0,4.172314937989086e-09,4.901173942919216e-15,0.0,0.0,0.1,0.5,0.1
results_gpu/d2/paperA_cnn_hard_s0_cla0p0_env0p1_lab0p0.json,cnn,0,hard,1.0,0.0,6.4372924768463236e-09,4.623974320896638e-15,0.0,0.1,0.1,0.5,0.0
results_gpu/d2/paperA_cnn_hard_s0_cla0p0_env0p1_lab0p05.json,cnn,0,hard,1.0,0.0,7.669124890696821e-09,3.16023688099628e-15,0.0,0.1,0.1,0.5,0.05
results_gpu/d2/paperA_cnn_hard_s0_cla0p0_env0p1_lab0p1.json,cnn,0,hard,1.0,0.0,7.073081675912363e-09,1.453349925242021e-15,0.0,0.1,0.1,0.5,0.1
results_gpu/d2/paperA_cnn_hard_s0_cla0p0_env0p2_lab0p0.json,cnn,0,hard,1.0,0.0,8.424118291827654e-09,2.1495727615214206e-15,0.0,0.2,0.1,0.5,0.0
results_gpu/d2/paperA_cnn_hard_s0_cla0p0_env0p2_lab0p05.json,cnn,0,hard,1.0,0.0,1.045067143934375e-08,4.808762645404198e-15,0.0,0.2,0.1,0.5,0.05
results_gpu/d2/paperA_cnn_hard_s0_cla0p0_env0p2_lab0p1.json,cnn,0,hard,1.0,0.0,3.576271945249232e-09,3.4200952074286426e-15,0.0,0.2,0.1,0.5,0.1
results_gpu/d2/paperA_cnn_hard_s0_cla0p4_env0p0_lab0p0.json,cnn,0,hard,0.9248574848646733,0.008206005891164145,0.20951931178569794,0.014499319564766095,0.4,0.0,0.1,0.5,0.0
results_gpu/d2/paperA_cnn_hard_s0_cla0p4_env0p0_lab0p05.json,cnn,0,hard,0.9265826971643156,0.010914436956246694,0.2068653106689453,0.014402577897280194,0.4,0.0,0.1,0.5,0.05
results_gpu/d2/paperA_cnn_hard_s0_cla0p4_env0p0_lab0p1.json,cnn,0,hard,0.9301896145885256,0.014502156297365825,0.19843314588069916,0.013857722131750853,0.4,0.0,0.1,0.5,0.1
results_gpu/d2/paperA_cnn_hard_s0_cla0p4_env0p1_lab0p0.json,cnn,0,hard,0.9788044955072377,0.0029844278891881307,0.06001000106334686,0.004113477652991609,0.4,0.1,0.1,0.5,0.0
results_gpu/d2/paperA_cnn_hard_s0_cla0p4_env0p1_lab0p05.json,cnn,0,hard,0.985059303882327,0.004910743455092112,0.038169097155332565,0.002691516514765287,0.4,0.1,0.1,0.5,0.05
results_gpu/d2/paperA_cnn_hard_s0_cla0p4_env0p1_lab0p1.json,cnn,0,hard,0.9877116362366256,0.004901476830244065,0.03840351477265358,0.0025003816116442638,0.4,0.1,0.1,0.5,0.1
results_gpu/d2/paperA_cnn_hard_s0_cla0p4_env0p2_lab0p0.json,cnn,0,hard,0.9900117806587265,0.004686415642499924,0.03115566074848175,0.002041581825730858,0.4,0.2,0.1,0.5,0.0
results_gpu/d2/paperA_cnn_hard_s0_cla0p4_env0p2_lab0p05.json,cnn,0,hard,0.9895939765893573,0.0034775829513867696,0.02810635045170784,0.0019898738788988904,0.4,0.2,0.1,0.5,0.05
results_gpu/d2/paperA_cnn_hard_s0_cla0p4_env0p2_lab0p1.json,cnn,0,hard,0.9922161536358706,0.0033402704795201625,0.023990798741579056,0.0016680269722278182,0.4,0.2,0.1,0.5,0.1
results_gpu/d2/paperA_cnn_hard_s0_cla0p8_env0p0_lab0p0.json,cnn,0,hard,0.7109839892243769,0.023501933018366495,0.6649380922317505,0.0482198932843176,0.8,0.0,0.1,0.5,0.0
results_gpu/d2/paperA_cnn_hard_s0_cla0p8_env0p0_lab0p05.json,cnn,0,hard,0.7223772748297822,0.017049164533615112,0.6508347988128662,0.04708173903720122,0.8,0.0,0.1,0.5,0.05
results_gpu/d2/paperA_cnn_hard_s0_cla0p8_env0p0_lab0p1.json,cnn,0,hard,0.7074416148359546,0.028180383960405987,0.6673167943954468,0.049442140888908685,0.8,0.0,0.1,0.5,0.1
results_gpu/d2/paperA_cnn_hard_s0_cla0p8_env0p1_lab0p0.json,cnn,0,hard,0.9479342944353651,0.00650193918744723,0.14247208833694458,0.009948432082171482,0.8,0.1,0.1,0.5,0.0
results_gpu/d2/paperA_cnn_hard_s0_cla0p8_env0p1_lab0p05.json,cnn,0,hard,0.9421639244294839,0.01015397161245346,0.15351323783397675,0.010821088344191493,0.8,0.1,0.1,0.5,0.05
results_gpu/d2/paperA_cnn_hard_s0_cla0p8_env0p1_lab0p1.json,cnn,0,hard,0.938613547574557,0.008636873086293538,0.15553662180900574,0.010907690846590793,0.8,0.1,0.1,0.5,0.1
results_gpu/d2/paperA_cnn_hard_s0_cla0p8_env0p2_lab0p0.json,cnn,0,hard,0.965948827293944,0.005645872215429942,0.08635585755109787,0.006005144017732576,0.8,0.2,0.1,0.5,0.0
results_gpu/d2/paperA_cnn_hard_s0_cla0p8_env0p2_lab0p05.json,cnn,0,hard,0.9614506563603616,0.007240446696678797,0.10190190374851227,0.007177773512209863,0.8,0.2,0.1,0.5,0.05
results_gpu/d2/paperA_cnn_hard_s0_cla0p8_env0p2_lab0p1.json,cnn,0,hard,0.9711497182434524,0.005983713189760844,0.07319682836532593,0.005021419592993912,0.8,0.2,0.1,0.5,0.1
results_gpu/d2/paperA_cnn_hard_s1_cla0p0_env0p0_lab0p0.json,cnn,1,hard,1.0,0.0,1.3232224205239618e-08,3.080421883360334e-15,0.0,0.0,0.1,0.5,0.0
results_gpu/d2/paperA_cnn_hard_s1_cla0p0_env0p0_lab0p05.json,cnn,1,hard,1.0,0.0,7.033344573414979e-09,1.8748643846562115e-15,0.0,0.0,0.1,0.5,0.05
results_gpu/d2/paperA_cnn_hard_s1_cla0p0_env0p0_lab0p1.json,cnn,1,hard,1.0,0.0,6.159142973416465e-09,1.5563267248914644e-15,0.0,0.0,0.1,0.5,0.1
results_gpu/d2/paperA_cnn_hard_s1_cla0p0_env0p1_lab0p0.json,cnn,1,hard,1.0,0.0,4.410737552973387e-09,2.907311344107597e-15,0.0,0.1,0.1,0.5,0.0
results_gpu/d2/paperA_cnn_hard_s1_cla0p0_env0p1_lab0p05.json,cnn,1,hard,1.0,0.0,6.1591443056840944e-09,1.399395321292422e-15,0.0,0.1,0.1,0.5,0.05
results_gpu/d2/paperA_cnn_hard_s1_cla0p0_env0p1_lab0p1.json,cnn,1,hard,1.0,0.0,7.510176480707287e-09,4.244863475384148e-15,0.0,0.1,0.1,0.5,0.1
results_gpu/d2/paperA_cnn_hard_s1_cla0p0_env0p2_lab0p0.json,cnn,1,hard,1.0,0.0,1.4026940498013118e-08,1.0311277365530222e-14,0.0,0.2,0.1,0.5,0.0
results_gpu/d2/paperA_cnn_hard_s1_cla0p0_env0p2_lab0p05.json,cnn,1,hard,1.0,0.0,6.556500675714005e-09,5.140138168155492e-15,0.0,0.2,0.1,0.5,0.05
results_gpu/d2/paperA_cnn_hard_s1_cla0p0_env0p2_lab0p1.json,cnn,1,hard,1.0,0.0,9.218831920065895e-09,8.870659025162074e-15,0.0,0.2,0.1,0.5,0.1
results_gpu/d2/paperA_cnn_hard_s1_cla0p4_env0p0_lab0p0.json,cnn,1,hard,0.9276594539120993,0.005601289470990499,0.19700627028942108,0.013880372309742683,0.4,0.0,0.1,0.5,0.0
results_gpu/d2/paperA_cnn_hard_s1_cla0p4_env0p0_lab0p05.json,cnn,1,hard,0.9347075384580557,0.00950578530629476,0.18787139654159546,0.012918708433901766,0.4,0.0,0.1,0.5,0.05
results_gpu/d2/paperA_cnn_hard_s1_cla0p4_env0p0_lab0p1.json,cnn,1,hard,0.929243611714696,0.009560875793298087,0.2053212821483612,0.014038926533029896,0.4,0.0,0.1,0.5,0.1
results_gpu/d2/paperA_cnn_hard_s1_cla0p4_env0p1_lab0p0.json,cnn,1,hard,0.9730972315746083,0.006477099130551021,0.06398012489080429,0.00467827411531107,0.4,0.1,0.1,0.5,0.0
results_gpu/d2/paperA_cnn_hard_s1_cla0p4_env0p1_lab0p05.json,cnn,1,hard,0.9865857616633498,0.004604620178540548,0.03567194566130638,0.002571454419615869,0.4,0.1,0.1,0.5,0.05
results_gpu/d2/paperA_cnn_hard_s1_cla0p4_env0p1_lab0p1.json,cnn,1,hard,0.9874115331549205,0.002721442898114522,0.03707931190729141,0.002358646694774847,0.4,0.1,0.1,0.5,0.1
results_gpu/d2/paperA_cnn_hard_s1_cla0p4_env0p2_lab0p0.json,cnn,1,hard,0.9922778891357191,0.0043072223663330085,0.019464319571852684,0.001476684322608461,0.4,0.2,0.1,0.5,0.0
results_gpu/d2/paperA_cnn_hard_s1_cla0p4_env0p2_lab0p05.json,cnn,1,hard,0.9872723271038714,0.0039031868974367776,0.03117602877318859,0.0022421717611678434,0.4,0.2,0.1,0.5,0.05
results_gpu/d2/paperA_cnn_hard_s1_cla0p4_env0p2_lab0p1.json,cnn,1,hard,0.9894007918646501,0.0028136033018430076,0.028154952451586723,0.0019391510160539412,0.4,0.2,0.1,0.5,0.1
results_gpu/d2/paperA_cnn_hard_s1_cla0p8_env0p0_lab0p0.json,cnn,1,hard,0.7034276554759501,0.018269100308418273,0.6715958118438721,0.04945637870370441,0.8,0.0,0.1,0.5,0.0
results_gpu/d2/paperA_cnn_hard_s1_cla0p8_env0p0_lab0p05.json,cnn,1,hard,0.7167164292818864,0.02308432881037394,0.6714686751365662,0.04879791431004983,0.8,0.0,0.1,0.5,0.05
results_gpu/d2/paperA_cnn_hard_s1_cla0p8_env0p0_lab0p1.json,cnn,1,hard,0.6999433500254273,0.018825209021568295,0.6739575266838074,0.04936757712292348,0.8,0.0,0.1,0.5,0.1
results_gpu/d2/paperA_cnn_hard_s1_cla0p8_env0p1_lab0p0.json,cnn,1,hard,0.9230601628628042,0.015364218195279439,0.18766117095947266,0.01332619205728072,0.8,0.1,0.1,0.5,0.0
results_gpu/d2/paperA_cnn_hard_s1_cla0p8_env0p1_lab0p05.json,cnn,1,hard,0.9436890352901899,0.010349015881617863,0.14365538954734802,0.010464059984809301,0.8,0.1,0.1,0.5,0.05
results_gpu/d2/paperA_cnn_hard_s1_cla0p8_env0p1_lab0p1.json,cnn,1,hard,0.9195134249319179,0.01682678012549877,0.19181311130523682,0.014095483547896005,0.8,0.1,0.1,0.5,0.1
results_gpu/d2/paperA_cnn_hard_s1_cla0p8_env0p2_lab0p0.json,cnn,1,hard,0.9751117419566284,0.004261565089225768,0.06965536624193192,0.0047813895303061545,0.8,0.2,0.1,0.5,0.0
results_gpu/d2/paperA_cnn_hard_s1_cla0p8_env0p2_lab0p05.json,cnn,1,hard,0.9702251302241105,0.006035839011271795,0.0792546421289444,0.0057555796934047115,0.8,0.2,0.1,0.5,0.05
results_gpu/d2/paperA_cnn_hard_s1_cla0p8_env0p2_lab0p1.json,cnn,1,hard,0.9517132687835738,0.006850671450297038,0.12802401185035706,0.009013097171087926,0.8,0.2,0.1,0.5,0.1
results_gpu/d2/paperA_cnn_hard_s2_cla0p0_env0p0_lab0p0.json,cnn,2,hard,1.0,0.0,8.185697453200191e-09,3.731562086348124e-15,0.0,0.0,0.1,0.5,0.0
results_gpu/d2/paperA_cnn_hard_s2_cla0p0_env0p0_lab0p05.json,cnn,2,hard,1.0,0.0,1.2715535291363267e-08,6.186531472645602e-14,0.0,0.0,0.1,0.5,0.05
results_gpu/d2/paperA_cnn_hard_s2_cla0p0_env0p0_lab0p1.json,cnn,2,hard,1.0,0.0,7.470445595458841e-09,1.7311869519344173e-15,0.0,0.0,0.1,0.5,0.1
results_gpu/d2/paperA_cnn_hard_s2_cla0p0_env0p1_lab0p0.json,cnn,2,hard,1.0,0.0,7.3512369525019494e-09,1.024360640545229e-15,0.0,0.1,0.1,0.5,0.0
results_gpu/d2/paperA_cnn_hard_s2_cla0p0_env0p1_lab0p05.json,cnn,2,hard,1.0,0.0,8.742005341844106e-09,4.3907705254887025e-15,0.0,0.1,0.1,0.5,0.05
results_gpu/d2/paperA_cnn_hard_s2_cla0p0_env0p1_lab0p1.json,cnn,2,hard,1.0,0.0,7.788337974545811e-09,8.98511756265071e-16,0.0,0.1,0.1,0.5,0.1
results_gpu/d2/paperA_cnn_hard_s2_cla0p0_env0p2_lab0p0.json,cnn,2,hard,1.0,0.0,5.006784764560734e-09,2.8895974226559763e-15,0.0,0.2,0.1,0.5,0.0
results_gpu/d2/paperA_cnn_hard_s2_cla0p0_env0p2_lab0p05.json,cnn,2,hard,1.0,0.0,2.392117082195e-08,6.13866660030069e-14,0.0,0.2,0.1,0.5,0.05
results_gpu/d2/paperA_cnn_hard_s2_cla0p0_env0p2_lab0p1.json,cnn,2,hard,1.0,0.0,1.1245377962154635e-08,1.5486713423109542e-14,0.0,0.2,0.1,0.5,0.1
results_gpu/d2/paperA_cnn_hard_s2_cla0p4_env0p0_lab0p0.json,cnn,2,hard,0.9344831138658604,0.006319779972235362,0.18317659199237823,0.012644659599233641,0.4,0.0,0.1,0.5,0.0
results_gpu/d2/paperA_cnn_hard_s2_cla0p4_env0p0_lab0p05.json,cnn,2,hard,0.9317386546672418,0.01094664780298869,0.1983049362897873,0.013386915315491852,0.4,0.0,0.1,0.5,0.05
results_gpu/d2/paperA_cnn_hard_s2_cla0p4_env0p0_lab0p1.json,cnn,2,hard,0.9301241874391525,0.012682442367076874,0.19885075092315674,0.013592817132184526,0.4,0.0,0.1,0.5,0.1
results_gpu/d2/paperA_cnn_hard_s2_cla0p4_env0p1_lab0p0.json,cnn,2,hard,0.9794111591882995,0.004350580185651779,0.05519360676407814,0.003722895240415857,0.4,0.1,0.1,0.5,0.0
results_gpu/d2/paperA_cnn_hard_s2_cla0p4_env0p1_lab0p05.json,cnn,2,hard,0.9763493564712635,0.004766111393769582,0.0575224794447422,0.0040070808126832225,0.4,0.1,0.1,0.5,0.05
results_gpu/d2/paperA_cnn_hard_s2_cla0p4_env0p1_lab0p1.json,cnn,2,hard,0.9810608199515932,0.006099636514981588,0.054462846368551254,0.003822323336542197,0.4,0.1,0.1,0.5,0.1
results_gpu/d2/paperA_cnn_hard_s2_cla0p4_env0p2_lab0p0.json,cnn,2,hard,0.9892368411652863,0.003301042556762696,0.02977866120636463,0.0020238540908103318,0.4,0.2,0.1,0.5,0.0
results_gpu/d2/paperA_cnn_hard_s2_cla0p4_env0p2_lab0p05.json,cnn,2,hard,0.9929204603655148,0.002859877119461695,0.018896404653787613,0.001324051854569361,0.4,0.2,0.1,0.5,0.05
results_gpu/d2/paperA_cnn_hard_s2_cla0p4_env0p2_lab0p1.json,cnn,2,hard,0.9857733675949637,0.004010435218612353,0.04022752866148949,0.002690176910587926,0.4,0.2,0.1,0.5,0.1
results_gpu/d2/paperA_cnn_hard_s2_cla0p8_env0p0_lab0p0.json,cnn,2,hard,0.703198411271061,0.024291348417599997,0.6736770272254944,0.049786497445195595,0.8,0.0,0.1,0.5,0.0
results_gpu/d2/paperA_cnn_hard_s2_cla0p8_env0p0_lab0p05.json,cnn,2,hard,0.7074086159114719,0.013747052649656933,0.6731159090995789,0.049227755052746035,0.8,0.0,0.1,0.5,0.05
results_gpu/d2/paperA_cnn_hard_s2_cla0p8_env0p0_lab0p1.json,cnn,2,hard,0.7066618947541067,0.021721251259247464,0.6660609245300293,0.0485360513394737,0.8,0.0,0.1,0.5,0.1
results_gpu/d2/paperA_cnn_hard_s2_cla0p8_env0p1_lab0p0.json,cnn,2,hard,0.9371735182617171,0.008872291480501494,0.15706034004688263,0.011199043454978361,0.8,0.1,0.1,0.5,0.0
results_gpu/d2/paperA_cnn_hard_s2_cla0p8_env0p1_lab0p05.json,cnn,2,hard,0.9472175826243409,0.006203137983878454,0.13233286142349243,0.009495130284109369,0.8,0.1,0.1,0.5,0.05
results_gpu/d2/paperA_cnn_hard_s2_cla0p8_env0p1_lab0p1.json,cnn,2,hard,0.9467201487335356,0.008166970084110894,0.13821186125278473,0.00963528554927811,0.8,0.1,0.1,0.5,0.1
results_gpu/d2/paperA_cnn_hard_s2_cla0p8_env0p2_lab0p0.json,cnn,2,hard,0.9688630575157715,0.0032077154517173765,0.08275850117206573,0.005919121288176087,0.8,0.2,0.1,0.5,0.0
results_gpu/d2/paperA_cnn_hard_s2_cla0p8_env0p2_lab0p05.json,cnn,2,hard,0.9686429019240487,0.006992225805918376,0.07155194878578186,0.005225416918570345,0.8,0.2,0.1,0.5,0.05
results_gpu/d2/paperA_cnn_hard_s2_cla0p8_env0p2_lab0p1.json,cnn,2,hard,0.9584842916632934,0.009932132790486018,0.09915249794721603,0.0071120558631978855,0.8,0.2,0.1,0.5,0.1
results_gpu/d2/paperA_cnn_hard_s3_cla0p0_env0p0_lab0p0.json,cnn,3,hard,1.0,0.0,9.099631270714781e-09,5.827393907453482e-15,0.0,0.0,0.1,0.5,0.0
results_gpu/d2/paperA_cnn_hard_s3_cla0p0_env0p0_lab0p05.json,cnn,3,hard,1.0,0.0,1.0093045510473075e-08,3.0382804940154216e-15,0.0,0.0,0.1,0.5,0.05
results_gpu/d2/paperA_cnn_hard_s3_cla0p0_env0p0_lab0p1.json,cnn,3,hard,1.0,1.1920928955078125e-06,1.2517324421423837e-06,2.1334754283743566e-12,0.0,0.0,0.1,0.5,0.1
results_gpu/d2/paperA_cnn_hard_s3_cla0p0_env0p1_lab0p0.json,cnn,3,hard,1.0,0.0,9.179112581136906e-09,1.2406708764638733e-15,0.0,0.1,0.1,0.5,0.0
results_gpu/d2/paperA_cnn_hard_s3_cla0p0_env0p1_lab0p05.json,cnn,3,hard,1.0,0.0,1.2397739723724044e-08,1.3315625815546518e-14,0.0,0.1,0.1,0.5,0.05
results_gpu/d2/paperA_cnn_hard_s3_cla0p0_env0p1_lab0p1.json,cnn,3,hard,1.0,0.0,3.298114004124386e-09,4.931676667866963e-15,0.0,0.1,0.1,0.5,0.1
results_gpu/d2/paperA_cnn_hard_s3_cla0p0_env0p2_lab0p0.json,cnn,3,hard,1.0,1.7881393432617188e-07,1.439113646029e-07,6.9866158418266506e-12,0.0,0.2,0.1,0.5,0.0
results_gpu/d2/paperA_cnn_hard_s3_cla0p0_env0p2_lab0p05.json,cnn,3,hard,1.0,0.0,2.781538777085757e-09,5.600818122729559e-15,0.0,0.2,0.1,0.5,0.05
results_gpu/d2/paperA_cnn_hard_s3_cla0p0_env0p2_lab0p1.json,cnn,3,hard,1.0,0.0,9.377787435482787e-09,5.0556859274838e-15,0.0,0.2,0.1,0.5,0.1
results_gpu/d2/paperA_cnn_hard_s3_cla0p4_env0p0_lab0p0.json,cnn,3,hard,0.924482918298833,0.008964969833691916,0.20504125952720642,0.014020740211612186,0.4,0.0,0.1,0.5,0.0
results_gpu/d2/paperA_cnn_hard_s3_cla0p4_env0p0_lab0p05.json,cnn,3,hard,0.9259813760755125,0.008903698007265726,0.21133296191692352,0.01430936869990226,0.4,0.0,0.1,0.5,0.05
results_gpu/d2/paperA_cnn_hard_s3_cla0p4_env0p0_lab0p1.json,cnn,3,hard,0.9362191748773011,0.010299185832341512,0.17801395058631897,0.012482572144299717,0.4,0.0,0.1,0.5,0.1
results_gpu/d2/paperA_cnn_hard_s3_cla0p4_env0p1_lab0p0.json,cnn,3,hard,0.9808098001190431,0.004331224719683329,0.04978662729263306,0.003517148663811213,0.4,0.1,0.1,0.5,0.0
results_gpu/d2/paperA_cnn_hard_s3_cla0p4_env0p1_lab0p05.json,cnn,3,hard,0.978129850118425,0.005473574270804723,0.052477896213531494,0.003745623490154521,0.4,0.1,0.1,0.5,0.05
results_gpu/d2/paperA_cnn_hard_s3_cla0p4_env0p1_lab0p1.json,cnn,3,hard,0.9807646343676111,0.006119815071423848,0.04831995815038681,0.0033440793684009302,0.4,0.1,0.1,0.5,0.1
results_gpu/d2/paperA_cnn_hard_s3_cla0p4_env0p2_lab0p0.json,cnn,3,hard,0.9836912084042367,0.0035707751810550694,0.0440962128341198,0.002972284236609747,0.4,0.2,0.1,0.5,0.0
results_gpu/d2/paperA_cnn_hard_s3_cla0p4_env0p2_lab0p05.json,cnn,3,hard,0.9871165591884776,0.005663301984469096,0.042066268622875214,0.0028690604160466903,0.4,0.2,0.1,0.5,0.05
results_gpu/d2/paperA_cnn_hard_s3_cla0p4_env0p2_lab0p1.json,cnn,3,hard,0.9903814312686445,0.003000697965423266,0.02456609159708023,0.001701900057274747,0.4,0.2,0.1,0.5,0.1
results_gpu/d2/paperA_cnn_hard_s3_cla0p8_env0p0_lab0p0.json,cnn,3,hard,0.712808914701405,0.025368243098258973,0.6632715463638306,0.04813823518070799,0.8,0.0,0.1,0.5,0.0
results_gpu/d2/paperA_cnn_hard_s3_cla0p8_env0p0_lab0p05.json,cnn,3,hard,0.7086670314912724,0.027339064737161002,0.6784878969192505,0.04892888658005258,0.8,0.0,0.1,0.5,0.05
results_gpu/d2/paperA_cnn_hard_s3_cla0p8_env0p0_lab0p1.json,cnn,3,hard,0.7164000855241541,0.01496088359753291,0.6371171474456787,0.046988415439912036,0.8,0.0,0.1,0.5,0.1
results_gpu/d2/paperA_cnn_hard_s3_cla0p8_env0p1_lab0p0.json,cnn,3,hard,0.9428717524235717,0.007799644003311793,0.142109215259552,0.010002198684149456,0.8,0.1,0.1,0.5,0.0
results_gpu/d2/paperA_cnn_hard_s3_cla0p8_env0p1_lab0p05.json,cnn,3,hard,0.934666719220708,0.008356835573911666,0.1701929271221161,0.011596439936886388,0.8,0.1,0.1,0.5,0.05
results_gpu/d2/paperA_cnn_hard_s3_cla0p8_env0p1_lab0p1.json,cnn,3,hard,0.9482272149882442,0.008828166633844375,0.1389199048280716,0.00985152340205878,0.8,0.1,0.1,0.5,0.1
results_gpu/d2/paperA_cnn_hard_s3_cla0p8_env0p2_lab0p0.json,cnn,3,hard,0.9704780666542875,0.00786741613348325,0.07318532466888428,0.005107404613528289,0.8,0.2,0.1,0.5,0.0
results_gpu/d2/paperA_cnn_hard_s3_cla0p8_env0p2_lab0p05.json,cnn,3,hard,0.9528348448599748,0.004045659124851227,0.11814573407173157,0.00844231817115615,0.8,0.2,0.1,0.5,0.05
results_gpu/d2/paperA_cnn_hard_s3_cla0p8_env0p2_lab0p1.json,cnn,3,hard,0.9699202216418414,0.004774486382802328,0.08367573469877243,0.005720947138604549,0.8,0.2,0.1,0.5,0.1
results_gpu/d2/paperA_cnn_hard_s4_cla0p0_env0p0_lab0p0.json,cnn,4,hard,1.0,0.0,1.0093041957759397e-08,5.51098309540843e-15,0.0,0.0,0.1,0.5,0.0
results_gpu/d2/paperA_cnn_hard_s4_cla0p0_env0p0_lab0p05.json,cnn,4,hard,1.0,0.0,7.033339688433671e-09,4.186006231282183e-15,0.0,0.0,0.1,0.5,0.05
results_gpu/d2/paperA_cnn_hard_s4_cla0p0_env0p0_lab0p1.json,cnn,4,hard,1.0,0.0,3.854423891169745e-09,4.798938762068695e-15,0.0,0.0,0.1,0.5,0.1
results_gpu/d2/paperA_cnn_hard_s4_cla0p0_env0p1_lab0p0.json,cnn,4,hard,1.0,1.7881393432617188e-07,1.7512147110210208e-07,1.834293867708053e-11,0.0,0.1,0.1,0.5,0.0
results_gpu/d2/paperA_cnn_hard_s4_cla0p0_env0p1_lab0p05.json,cnn,4,hard,1.0,0.0,4.887568127998065e-09,6.436137481482106e-15,0.0,0.1,0.1,0.5,0.05
results_gpu/d2/paperA_cnn_hard_s4_cla0p0_env0p1_lab0p1.json,cnn,4,hard,1.0,0.0,2.7059924079253506e-08,2.93593769629656e-13,0.0,0.1,0.1,0.5,0.1
results_gpu/d2/paperA_cnn_hard_s4_cla0p0_env0p2_lab0p0.json,cnn,4,hard,1.0,0.0,1.3112956054328606e-08,3.293458429063547e-14,0.0,0.2,0.1,0.5,0.0
results_gpu/d2/paperA_cnn_hard_s4_cla0p0_env0p2_lab0p05.json,cnn,4,hard,1.0,0.0,9.655939159358695e-09,6.664584575581825e-15,0.0,0.2,0.1,0.5,0.05
results_gpu/d2/paperA_cnn_hard_s4_cla0p0_env0p2_lab0p1.json,cnn,4,hard,1.0,0.0,1.0450678544771108e-08,1.7856238744719133e-15,0.0,0.2,0.1,0.5,0.1
results_gpu/d2/paperA_cnn_hard_s4_cla0p4_env0p0_lab0p0.json,cnn,4,hard,0.925315943968626,0.008797579169273376,0.1973409801721573,0.013733139355274374,0.4,0.0,0.1,0.5,0.0
results_gpu/d2/paperA_cnn_hard_s4_cla0p4_env0p0_lab0p05.json,cnn,4,hard,0.9325460310381879,0.008549585084120431,0.1827850192785263,0.012795714939576387,0.4,0.0,0.1,0.5,0.05
results_gpu/d2/paperA_cnn_hard_s4_cla0p4_env0p0_lab0p1.json,cnn,4,hard,0.9279045554021967,0.004093385537465414,0.1967809647321701,0.013995079834749895,0.4,0.0,0.1,0.5,0.1
results_gpu/d2/paperA_cnn_hard_s4_cla0p4_env0p1_lab0p0.json,cnn,4,hard,0.9884474587007386,0.003682775139808655,0.03621720150113106,0.002450633325020213,0.4,0.1,0.1,0.5,0.0
results_gpu/d2/paperA_cnn_hard_s4_cla0p4_env0p1_lab0p05.json,cnn,4,hard,0.9826891166769951,0.00704367967446645,0.05028298869729042,0.003402787712407888,0.4,0.1,0.1,0.5,0.05
results_gpu/d2/paperA_cnn_hard_s4_cla0p4_env0p1_lab0p1.json,cnn,4,hard,0.9825063015755001,0.0032754351298014323,0.05458308011293411,0.0035959817154670457,0.4,0.1,0.1,0.5,0.1
results_gpu/d2/paperA_cnn_hard_s4_cla0p4_env0p2_lab0p0.json,cnn,4,hard,0.9821677648350629,0.006226023515065511,0.04681720957159996,0.0032590922594853914,0.4,0.2,0.1,0.5,0.0
results_gpu/d2/paperA_cnn_hard_s4_cla0p4_env0p2_lab0p05.json,cnn,4,hard,0.9916508908233502,0.0020711564620335896,0.021474232897162437,0.0015202673462771355,0.4,0.2,0.1,0.5,0.05
results_gpu/d2/paperA_cnn_hard_s4_cla0p4_env0p2_lab0p1.json,cnn,4,hard,0.9873803149658235,0.004866577903429667,0.03574930503964424,0.002472446568194237,0.4,0.2,0.1,0.5,0.1
results_gpu/d2/paperA_cnn_hard_s4_cla0p8_env0p0_lab0p0.json,cnn,4,hard,0.7024065804782438,0.02731399162610372,0.6757246851921082,0.049976929943995455,0.8,0.0,0.1,0.5,0.0
results_gpu/d2/paperA_cnn_hard_s4_cla0p8_env0p0_lab0p05.json,cnn,4,hard,0.7119532045287575,0.027698213875293736,0.6596848964691162,0.04840271430418502,0.8,0.0,0.1,0.5,0.05
results_gpu/d2/paperA_cnn_hard_s4_cla0p8_env0p0_lab0p1.json,cnn,4,hard,0.6984022954037679,0.02289607320229212,0.6591112017631531,0.04856740302354097,0.8,0.0,0.1,0.5,0.1
results_gpu/d2/paperA_cnn_hard_s4_cla0p8_env0p1_lab0p0.json,cnn,4,hard,0.9401620097978648,0.009699933369954427,0.1547897458076477,0.011034923978129167,0.8,0.1,0.1,0.5,0.0
results_gpu/d2/paperA_cnn_hard_s4_cla0p8_env0p1_lab0p05.json,cnn,4,hard,0.9360206750510929,0.009140187571446102,0.1606745421886444,0.011618077638710209,0.8,0.1,0.1,0.5,0.05
results_gpu/d2/paperA_cnn_hard_s4_cla0p8_env0p1_lab0p1.json,cnn,4,hard,0.9429956954670224,0.011378491640090943,0.15407446026802063,0.010931321270284958,0.8,0.1,0.1,0.5,0.1
results_gpu/d2/paperA_cnn_hard_s4_cla0p8_env0p2_lab0p0.json,cnn,4,hard,0.9649319758019154,0.0071882291237513225,0.09617526084184647,0.006768905756335142,0.8,0.2,0.1,0.5,0.0
results_gpu/d2/paperA_cnn_hard_s4_cla0p8_env0p2_lab0p05.json,cnn,4,hard,0.9699170282603664,0.005845366656780243,0.08367399126291275,0.0059748887492109696,0.8,0.2,0.1,0.5,0.05
results_gpu/d2/paperA_cnn_hard_s4_cla0p8_env0p2_lab0p1.json,cnn,4,hard,0.9649402664732031,0.006681964168945949,0.0996619239449501,0.006985549755602167,0.8,0.2,0.1,0.5,0.1
results_gpu/d2/paperA_conformer_lite_hard_s0_cla0p0_env0p0_lab0p0.json,conformer_lite,0,hard,1.0,0.0,-0.0,1.8336934931475364e-16,0.0,0.0,0.1,0.5,0.0
results_gpu/d2/paperA_conformer_lite_hard_s0_cla0p0_env0p0_lab0p05.json,conformer_lite,0,hard,1.0,0.0,-0.0,8.407123344001699e-17,0.0,0.0,0.1,0.5,0.05
results_gpu/d2/paperA_conformer_lite_hard_s0_cla0p0_env0p0_lab0p1.json,conformer_lite,0,hard,1.0,0.0,-0.0,1.3149469559315394e-16,0.0,0.0,0.1,0.5,0.1
results_gpu/d2/paperA_conformer_lite_hard_s0_cla0p0_env0p1_lab0p0.json,conformer_lite,0,hard,1.0,0.0,8.145964791594906e-09,1.4704164710402263e-15,0.0,0.1,0.1,0.5,0.0
results_gpu/d2/paperA_conformer_lite_hard_s0_cla0p0_env0p1_lab0p05.json,conformer_lite,0,hard,1.0,0.0,6.238618066589652e-09,4.567509920443014e-16,0.0,0.1,0.1,0.5,0.05
results_gpu/d2/paperA_conformer_lite_hard_s0_cla0p0_env0p1_lab0p1.json,conformer_lite,0,hard,1.0,0.0,6.715455302952478e-09,5.930792221707865e-16,0.0,0.1,0.1,0.5,0.1
results_gpu/d2/paperA_conformer_lite_hard_s0_cla0p0_env0p2_lab0p0.json,conformer_lite,0,hard,1.0,0.0,7.589654238415733e-09,1.6480451636125452e-15,0.0,0.2,0.1,0.5,0.0
results_gpu/d2/paperA_conformer_lite_hard_s0_cla0p0_env0p2_lab0p05.json,conformer_lite,0,hard,1.0,0.0,3.1789022525430255e-09,5.991911477499544e-15,0.0,0.2,0.1,0.5,0.05
results_gpu/d2/paperA_conformer_lite_hard_s0_cla0p0_env0p2_lab0p1.json,conformer_lite,0,hard,1.0,0.0,6.635973992530353e-09,5.098155398185782e-15,0.0,0.2,0.1,0.5,0.1
results_gpu/d2/paperA_conformer_lite_hard_s0_cla0p4_env0p0_lab0p0.json,conformer_lite,0,hard,0.9237038436119508,0.011361958742141725,0.2112913429737091,0.014633263763907712,0.4,0.0,0.1,0.5,0.0
results_gpu/d2/paperA_conformer_lite_hard_s0_cla0p4_env0p0_lab0p05.json,conformer_lite,0,hard,0.9182514198944165,0.008297209938367208,0.22367843985557556,0.01579140444787103,0.4,0.0,0.1,0.5,0.05
results_gpu/d2/paperA_conformer_lite_hard_s0_cla0p4_env0p0_lab0p1.json,conformer_lite,0,hard,0.921849014990978,0.008365227103233338,0.20646187663078308,0.014481551850197564,0.4,0.0,0.1,0.5,0.1
results_gpu/d2/paperA_conformer_lite_hard_s0_cla0p4_env0p1_lab0p0.json,conformer_lite,0,hard,0.9603704725966464,0.005925534526507059,0.12599937617778778,0.00804028623798818,0.4,0.1,0.1,0.5,0.0
results_gpu/d2/paperA_conformer_lite_hard_s0_cla0p4_env0p1_lab0p05.json,conformer_lite,0,hard,0.9822361883259063,0.005148691445589065,0.057154569774866104,0.0035222870729097887,0.4,0.1,0.1,0.5,0.05
results_gpu/d2/paperA_conformer_lite_hard_s0_cla0p4_env0p1_lab0p1.json,conformer_lite,0,hard,0.9696133952849877,0.004738091836373011,0.10027049481868744,0.005960355721531768,0.4,0.1,0.1,0.5,0.1
results_gpu/d2/paperA_conformer_lite_hard_s0_cla0p4_env0p2_lab0p0.json,conformer_lite,0,hard,0.9742506398088675,0.005146661559740702,0.08300445228815079,0.0051626418021460336,0.4,0.2,0.1,0.5,0.0
results_gpu/d2/paperA_conformer_lite_hard_s0_cla0p4_env0p2_lab0p05.json,conformer_lite,0,hard,0.9746358364559722,0.00697607926527659,0.08326485008001328,0.005029904323033044,0.4,0.2,0.1,0.5,0.05
results_gpu/d2/paperA_conformer_lite_hard_s0_cla0p4_env0p2_lab0p1.json,conformer_lite,0,hard,0.9847522788708243,0.0031348268787066143,0.056742046028375626,0.0031154352341224356,0.4,0.2,0.1,0.5,0.1
results_gpu/d2/paperA_conformer_lite_hard_s0_cla0p8_env0p0_lab0p0.json,conformer_lite,0,hard,0.7203032208227278,0.01627359536290169,0.6601850390434265,0.04777495785356988,0.8,0.0,0.1,0.5,0.0
results_gpu/d2/paperA_conformer_lite_hard_s0_cla0p8_env0p0_lab0p05.json,conformer_lite,0,hard,0.7192972264105373,0.009568575829267505,0.6656625866889954,0.04762057357327853,0.8,0.0,0.1,0.5,0.05
results_gpu/d2/paperA_conformer_lite_hard_s0_cla0p8_env0p0_lab0p1.json,conformer_lite,0,hard,0.7091560472010174,0.016747698664665224,0.6588014364242554,0.04858764854400659,0.8,0.0,0.1,0.5,0.1
results_gpu/d2/paperA_conformer_lite_hard_s0_cla0p8_env0p1_lab0p0.json,conformer_lite,0,hard,0.8314827330382739,0.03753929129242897,0.40576374530792236,0.027565158847889872,0.8,0.1,0.1,0.5,0.0
results_gpu/d2/paperA_conformer_lite_hard_s0_cla0p8_env0p1_lab0p05.json,conformer_lite,0,hard,0.9365048839645933,0.011386349777380626,0.19582433998584747,0.012521058616269632,0.8,0.1,0.1,0.5,0.05
results_gpu/d2/paperA_conformer_lite_hard_s0_cla0p8_env0p1_lab0p1.json,conformer_lite,0,hard,0.912396897856932,0.015197719464699428,0.26600268483161926,0.016540325595537992,0.8,0.1,0.1,0.5,0.1
results_gpu/d2/paperA_conformer_lite_hard_s0_cla0p8_env0p2_lab0p0.json,conformer_lite,0,hard,0.9431844407470995,0.008927796343962353,0.1791619509458542,0.011167142546798483,0.8,0.2,0.1,0.5,0.0
results_gpu/d2/paperA_conformer_lite_hard_s0_cla0p8_env0p2_lab0p05.json,conformer_lite,0,hard,0.9332103155790603,0.013342711597681047,0.20215755701065063,0.012616980722137794,0.8,0.2,0.1,0.5,0.05
results_gpu/d2/paperA_conformer_lite_hard_s0_cla0p8_env0p2_lab0p1.json,conformer_lite,0,hard,0.9528299272673344,0.008924183199803036,0.14189043641090393,0.008945289329354036,0.8,0.2,0.1,0.5,0.1
results_gpu/d2/paperA_conformer_lite_hard_s1_cla0p0_env0p0_lab0p0.json,conformer_lite,1,hard,1.0,0.0,-0.0,1.385098379690624e-16,0.0,0.0,0.1,0.5,0.0
results_gpu/d2/paperA_conformer_lite_hard_s1_cla0p0_env0p0_lab0p05.json,conformer_lite,1,hard,1.0,0.0,-0.0,1.3950194987453263e-16,0.0,0.0,0.1,0.5,0.05
results_gpu/d2/paperA_conformer_lite_hard_s1_cla0p0_env0p0_lab0p1.json,conformer_lite,1,hard,1.0,0.0,4.092851835224565e-09,2.089740527948642e-16,0.0,0.0,0.1,0.5,0.1
results_gpu/d2/paperA_conformer_lite_hard_s1_cla0p0_env0p1_lab0p0.json,conformer_lite,1,hard,1.0,0.0,4.172323375684073e-09,7.34449796591997e-16,0.0,0.1,0.1,0.5,0.0
results_gpu/d2/paperA_conformer_lite_hard_s1_cla0p0_env0p1_lab0p05.json,conformer_lite,1,hard,1.0,0.0,3.933906089770289e-09,2.1320179942737747e-16,0.0,0.1,0.1,0.5,0.05
results_gpu/d2/paperA_conformer_lite_hard_s1_cla0p0_env0p1_lab0p1.json,conformer_lite,1,hard,1.0,0.0,7.947283720000087e-09,7.02457859917204e-16,0.0,0.1,0.1,0.5,0.1
results_gpu/d2/paperA_conformer_lite_hard_s1_cla0p0_env0p2_lab0p0.json,conformer_lite,1,hard,1.0,0.0,6.278353392730196e-09,1.5495116171026903e-15,0.0,0.2,0.1,0.5,0.0
results_gpu/d2/paperA_conformer_lite_hard_s1_cla0p0_env0p2_lab0p05.json,conformer_lite,1,hard,1.0,0.0,6.477034908414225e-09,1.5224742576217054e-15,0.0,0.2,0.1,0.5,0.05
results_gpu/d2/paperA_conformer_lite_hard_s1_cla0p0_env0p2_lab0p1.json,conformer_lite,1,hard,1.0,0.0,3.5365319561719843e-09,5.222338466113041e-15,0.0,0.2,0.1,0.5,0.1
results_gpu/d2/paperA_conformer_lite_hard_s1_cla0p4_env0p0_lab0p0.json,conformer_lite,1,hard,0.9251140191701628,0.015548163672288257,0.20190119743347168,0.014317225719818801,0.4,0.0,0.1,0.5,0.0
results_gpu/d2/paperA_conformer_lite_hard_s1_cla0p4_env0p0_lab0p05.json,conformer_lite,1,hard,0.9285886508495855,0.0080471753180027,0.2013614922761917,0.01386259547998014,0.4,0.0,0.1,0.5,0.05
results_gpu/d2/paperA_conformer_lite_hard_s1_cla0p4_env0p0_lab0p1.json,conformer_lite,1,hard,0.92713635235173,0.007429723719755809,0.20712247490882874,0.014262286998936181,0.4,0.0,0.1,0.5,0.1
results_gpu/d2/paperA_conformer_lite_hard_s1_cla0p4_env0p1_lab0p0.json,conformer_lite,1,hard,0.9726322377271521,0.004952161888281504,0.09283541142940521,0.005558145544624377,0.4,0.1,0.1,0.5,0.0
results_gpu/d2/paperA_conformer_lite_hard_s1_cla0p4_env0p1_lab0p05.json,conformer_lite,1,hard,0.9778767402715414,0.008418787807226182,0.08177560567855835,0.004668254767437677,0.4,0.1,0.1,0.5,0.05
results_gpu/d2/paperA_conformer_lite_hard_s1_cla0p4_env0p1_lab0p1.json,conformer_lite,1,hard,0.9742708221270373,0.006670790761709212,0.08231426030397415,0.004995119558454035,0.4,0.1,0.1,0.5,0.1
results_gpu/d2/paperA_conformer_lite_hard_s1_cla0p4_env0p2_lab0p0.json,conformer_lite,1,hard,0.9855637008915772,0.004688679546117782,0.045290298759937286,0.0027845794457898206,0.4,0.2,0.1,0.5,0.0
results_gpu/d2/paperA_conformer_lite_hard_s1_cla0p4_env0p2_lab0p05.json,conformer_lite,1,hard,0.9866578133642849,0.0028071051985025406,0.0419924333691597,0.002515144973959144,0.4,0.2,0.1,0.5,0.05
results_gpu/d2/paperA_conformer_lite_hard_s1_cla0p4_env0p2_lab0p1.json,conformer_lite,1,hard,0.9866878859260764,0.006225451678037643,0.0428958423435688,0.002763626324221341,0.4,0.2,0.1,0.5,0.1
results_gpu/d2/paperA_conformer_lite_hard_s1_cla0p8_env0p0_lab0p0.json,conformer_lite,1,hard,0.6822912023674964,0.0347262229124705,0.6771574020385742,0.050159907570264284,0.8,0.0,0.1,0.5,0.0
results_gpu/d2/paperA_conformer_lite_hard_s1_cla0p8_env0p0_lab0p05.json,conformer_lite,1,hard,0.7059880279574827,0.05153405332565307,0.7038480043411255,0.050948781483821676,0.8,0.0,0.1,0.5,0.05
results_gpu/d2/paperA_conformer_lite_hard_s1_cla0p8_env0p0_lab0p1.json,conformer_lite,1,hard,0.682605955819282,0.016627841512362164,0.7294097542762756,0.054167524007755694,0.8,0.0,0.1,0.5,0.1
results_gpu/d2/paperA_conformer_lite_hard_s1_cla0p8_env0p1_lab0p0.json,conformer_lite,1,hard,0.9382240018051073,0.006536424587170283,0.19244372844696045,0.011537446299386897,0.8,0.1,0.1,0.5,0.0
results_gpu/d2/paperA_conformer_lite_hard_s1_cla0p8_env0p1_lab0p05.json,conformer_lite,1,hard,0.9283368442755736,0.012494143158197402,0.2022332400083542,0.012724218403538289,0.8,0.1,0.1,0.5,0.05
results_gpu/d2/paperA_conformer_lite_hard_s1_cla0p8_env0p1_lab0p1.json,conformer_lite,1,hard,0.9302281004185384,0.009483321289221447,0.21990498900413513,0.013403900383679092,0.8,0.1,0.1,0.5,0.1
results_gpu/d2/paperA_conformer_lite_hard_s1_cla0p8_env0p2_lab0p0.json,conformer_lite,1,hard,0.9561443186349585,0.01049562045931816,0.12537282705307007,0.008248841438052795,0.8,0.2,0.1,0.5,0.0
results_gpu/d2/paperA_conformer_lite_hard_s1_cla0p8_env0p2_lab0p05.json,conformer_lite,1,hard,0.9558310587085735,0.01135560299952825,0.14471285045146942,0.008749031298047851,0.8,0.2,0.1,0.5,0.05
results_gpu/d2/paperA_conformer_lite_hard_s1_cla0p8_env0p2_lab0p1.json,conformer_lite,1,hard,0.9157542565817242,0.01638571630915006,0.237350195646286,0.015843539670366256,0.8,0.2,0.1,0.5,0.1
results_gpu/d2/paperA_conformer_lite_hard_s2_cla0p0_env0p0_lab0p0.json,conformer_lite,2,hard,1.0,0.0,-0.0,1.7020205806808505e-16,0.0,0.0,0.1,0.5,0.0
results_gpu/d2/paperA_conformer_lite_hard_s2_cla0p0_env0p0_lab0p05.json,conformer_lite,2,hard,1.0,0.0,-0.0,1.3512111581269635e-16,0.0,0.0,0.1,0.5,0.05
results_gpu/d2/paperA_conformer_lite_hard_s2_cla0p0_env0p0_lab0p1.json,conformer_lite,2,hard,1.0,0.0,4.688897714544282e-09,2.4640271595499573e-16,0.0,0.0,0.1,0.5,0.1
results_gpu/d2/paperA_conformer_lite_hard_s2_cla0p0_env0p1_lab0p0.json,conformer_lite,2,hard,1.0,0.0,6.4372986940952615e-09,1.4361066440524441e-15,0.0,0.1,0.1,0.5,0.0
results_gpu/d2/paperA_conformer_lite_hard_s2_cla0p0_env0p1_lab0p05.json,conformer_lite,2,hard,1.0,0.0,1.0927476701283467e-08,2.029100230408088e-14,0.0,0.1,0.1,0.5,0.05
results_gpu/d2/paperA_conformer_lite_hard_s2_cla0p0_env0p1_lab0p1.json,conformer_lite,2,hard,1.0,0.0,4.331269565227558e-09,5.415941050938982e-16,0.0,0.1,0.1,0.5,0.1
results_gpu/d2/paperA_conformer_lite_hard_s2_cla0p0_env0p2_lab0p0.json,conformer_lite,2,hard,1.0,0.0,3.2066807875708037e-08,2.4649910870298916e-13,0.0,0.2,0.1,0.5,0.0
results_gpu/d2/paperA_conformer_lite_hard_s2_cla0p0_env0p2_lab0p05.json,conformer_lite,2,hard,1.0,0.0,8.18570189409229e-09,1.5739819017524571e-15,0.0,0.2,0.1,0.5,0.05
results_gpu/d2/paperA_conformer_lite_hard_s2_cla0p0_env0p2_lab0p1.json,conformer_lite,2,hard,1.0,0.0,1.4305028273042808e-08,4.2988161572211155e-14,0.0,0.2,0.1,0.5,0.1
results_gpu/d2/paperA_conformer_lite_hard_s2_cla0p4_env0p0_lab0p0.json,conformer_lite,2,hard,0.9361870925813918,0.007666769107182821,0.17593656480312347,0.012199414956357369,0.4,0.0,0.1,0.5,0.0
results_gpu/d2/paperA_conformer_lite_hard_s2_cla0p4_env0p0_lab0p05.json,conformer_lite,2,hard,0.9304710419719083,0.011037119428316752,0.204454243183136,0.013730014390393805,0.4,0.0,0.1,0.5,0.05
results_gpu/d2/paperA_conformer_lite_hard_s2_cla0p4_env0p0_lab0p1.json,conformer_lite,2,hard,0.9275086007378287,0.0062481174270311995,0.1976066529750824,0.013468592571112952,0.4,0.0,0.1,0.5,0.1
results_gpu/d2/paperA_conformer_lite_hard_s2_cla0p4_env0p1_lab0p0.json,conformer_lite,2,hard,0.9585432712312291,0.007035067240397136,0.15007136762142181,0.008613645644121074,0.4,0.1,0.1,0.5,0.0
results_gpu/d2/paperA_conformer_lite_hard_s2_cla0p4_env0p1_lab0p05.json,conformer_lite,2,hard,0.9696858301517068,0.004296372771263123,0.10330285876989365,0.006078417036771386,0.4,0.1,0.1,0.5,0.05
results_gpu/d2/paperA_conformer_lite_hard_s2_cla0p4_env0p1_lab0p1.json,conformer_lite,2,hard,0.9785735010262573,0.004577984680732091,0.07082237303256989,0.004091445364490219,0.4,0.1,0.1,0.5,0.1
results_gpu/d2/paperA_conformer_lite_hard_s2_cla0p4_env0p2_lab0p0.json,conformer_lite,2,hard,0.9678683604333705,0.009495548645655315,0.10549074411392212,0.006245469227703741,0.4,0.2,0.1,0.5,0.0
results_gpu/d2/paperA_conformer_lite_hard_s2_cla0p4_env0p2_lab0p05.json,conformer_lite,2,hard,0.9564799965060722,0.009131786088148752,0.141460120677948,0.008628151541451952,0.4,0.2,0.1,0.5,0.05
results_gpu/d2/paperA_conformer_lite_hard_s2_cla0p4_env0p2_lab0p1.json,conformer_lite,2,hard,0.964397331346156,0.011326970835526785,0.11181145906448364,0.0070303730357850844,0.4,0.2,0.1,0.5,0.1
results_gpu/d2/paperA_conformer_lite_hard_s2_cla0p8_env0p0_lab0p0.json,conformer_lite,2,hard,0.7007458730367833,0.026116389443477,0.6707710027694702,0.04944579005704363,0.8,0.0,0.1,0.5,0.0
results_gpu/d2/paperA_conformer_lite_hard_s2_cla0p8_env0p0_lab0p05.json,conformer_lite,2,hard,0.6959049841333739,0.026268824974695845,0.6793577671051025,0.049725778090743765,0.8,0.0,0.1,0.5,0.05
results_gpu/d2/paperA_conformer_lite_hard_s2_cla0p8_env0p0_lab0p1.json,conformer_lite,2,hard,0.7144023240756348,0.02064882704615593,0.6692536473274231,0.04886554803207187,0.8,0.0,0.1,0.5,0.1
results_gpu/d2/paperA_conformer_lite_hard_s2_cla0p8_env0p1_lab0p0.json,conformer_lite,2,hard,0.950917021403962,0.007450148036082585,0.1417263001203537,0.009251362638424824,0.8,0.1,0.1,0.5,0.0
results_gpu/d2/paperA_conformer_lite_hard_s2_cla0p8_env0p1_lab0p05.json,conformer_lite,2,hard,0.944947728317076,0.01063426195581754,0.17177611589431763,0.010637451046365693,0.8,0.1,0.1,0.5,0.05
results_gpu/d2/paperA_conformer_lite_hard_s2_cla0p8_env0p1_lab0p1.json,conformer_lite,2,hard,0.9193382246377363,0.010713854839404423,0.24418778717517853,0.015347655721379458,0.8,0.1,0.1,0.5,0.1
results_gpu/d2/paperA_conformer_lite_hard_s2_cla0p8_env0p2_lab0p0.json,conformer_lite,2,hard,0.9411272772385093,0.008767364660898844,0.15562641620635986,0.01066711873860265,0.8,0.2,0.1,0.5,0.0
results_gpu/d2/paperA_conformer_lite_hard_s2_cla0p8_env0p2_lab0p05.json,conformer_lite,2,hard,0.9344981572862222,0.014955541362365085,0.1775074601173401,0.01189921104753653,0.8,0.2,0.1,0.5,0.05
results_gpu/d2/paperA_conformer_lite_hard_s2_cla0p8_env0p2_lab0p1.json,conformer_lite,2,hard,0.9172640373187297,0.009235374013582865,0.23116792738437653,0.015071674650264379,0.8,0.2,0.1,0.5,0.1
results_gpu/d2/paperA_conformer_lite_hard_s3_cla0p0_env0p0_lab0p0.json,conformer_lite,3,hard,1.0,0.0,-0.0,9.16064023136768e-17,0.0,0.0,0.1,0.5,0.0
results_gpu/d2/paperA_conformer_lite_hard_s3_cla0p0_env0p0_lab0p05.json,conformer_lite,3,hard,1.0,0.0,1.986821124289051e-10,1.8570948721439311e-16,0.0,0.0,0.1,0.5,0.05
results_gpu/d2/paperA_conformer_lite_hard_s3_cla0p0_env0p0_lab0p1.json,conformer_lite,3,hard,1.0,0.0,-0.0,1.5669588665640187e-16,0.0,0.0,0.1,0.5,0.1
results_gpu/d2/paperA_conformer_lite_hard_s3_cla0p0_env0p1_lab0p0.json,conformer_lite,3,hard,1.0,0.0,6.914136374547297e-09,1.0752027093130849e-15,0.0,0.1,0.1,0.5,0.0
results_gpu/d2/paperA_conformer_lite_hard_s3_cla0p0_env0p1_lab0p05.json,conformer_lite,3,hard,1.0,0.0,5.563098870453587e-09,4.713973987276888e-16,0.0,0.1,0.1,0.5,0.05
results_gpu/d2/paperA_conformer_lite_hard_s3_cla0p0_env0p1_lab0p1.json,conformer_lite,3,hard,1.0,0.0,5.443888895229065e-09,6.459836404684348e-16,0.0,0.1,0.1,0.5,0.1
results_gpu/d2/paperA_conformer_lite_hard_s3_cla0p0_env0p2_lab0p0.json,conformer_lite,3,hard,1.0,0.0,5.920720802521373e-09,3.6640402429110334e-15,0.0,0.2,0.1,0.5,0.0
results_gpu/d2/paperA_conformer_lite_hard_s3_cla0p0_env0p2_lab0p05.json,conformer_lite,3,hard,1.0,0.0,2.2927549636619915e-08,1.8501293105559467e-13,0.0,0.2,0.1,0.5,0.05
results_gpu/d2/paperA_conformer_lite_hard_s3_cla0p0_env0p2_lab0p1.json,conformer_lite,3,hard,1.0,0.0,2.006675714483208e-08,6.976962039509442e-14,0.0,0.2,0.1,0.5,0.1
results_gpu/d2/paperA_conformer_lite_hard_s3_cla0p4_env0p0_lab0p0.json,conformer_lite,3,hard,0.9223962632369206,0.008999119659264882,0.2164764553308487,0.01444758830955738,0.4,0.0,0.1,0.5,0.0
results_gpu/d2/paperA_conformer_lite_hard_s3_cla0p4_env0p0_lab0p05.json,conformer_lite,3,hard,0.9243540013960785,0.010949671546618144,0.20413368940353394,0.014012765227501413,0.4,0.0,0.1,0.5,0.05
results_gpu/d2/paperA_conformer_lite_hard_s3_cla0p4_env0p0_lab0p1.json,conformer_lite,3,hard,0.9334180353429742,0.008698181360960008,0.17698568105697632,0.012472764911829718,0.4,0.0,0.1,0.5,0.1
results_gpu/d2/paperA_conformer_lite_hard_s3_cla0p4_env0p1_lab0p0.json,conformer_lite,3,hard,0.9669131640371538,0.008116005917390187,0.10692017525434494,0.006527376934661881,0.4,0.1,0.1,0.5,0.0
results_gpu/d2/paperA_conformer_lite_hard_s3_cla0p4_env0p1_lab0p05.json,conformer_lite,3,hard,0.9552669985206114,0.009788312435150145,0.13585348427295685,0.008534672777366041,0.4,0.1,0.1,0.5,0.05
results_gpu/d2/paperA_conformer_lite_hard_s3_cla0p4_env0p1_lab0p1.json,conformer_lite,3,hard,0.9792613993641538,0.007353408336639404,0.05774039775133133,0.0038646058825881967,0.4,0.1,0.1,0.5,0.1
results_gpu/d2/paperA_conformer_lite_hard_s3_cla0p4_env0p2_lab0p0.json,conformer_lite,3,hard,0.9828720478207296,0.005304096301396688,0.06936972588300705,0.00374140565692869,0.4,0.2,0.1,0.5,0.0
results_gpu/d2/paperA_conformer_lite_hard_s3_cla0p4_env0p2_lab0p05.json,conformer_lite,3,hard,0.9874441284037185,0.005361619800329208,0.04100162908434868,0.0025381045071520827,0.4,0.2,0.1,0.5,0.05
results_gpu/d2/paperA_conformer_lite_hard_s3_cla0p4_env0p2_lab0p1.json,conformer_lite,3,hard,0.96009668259227,0.009710607449213662,0.13284720480442047,0.00821173366932488,0.4,0.2,0.1,0.5,0.1
results_gpu/d2/paperA_conformer_lite_hard_s3_cla0p8_env0p0_lab0p0.json,conformer_lite,3,hard,0.7132408678572827,0.035142965634663896,0.6744700074195862,0.04896466063051316,0.8,0.0,0.1,0.5,0.0
results_gpu/d2/paperA_conformer_lite_hard_s3_cla0p8_env0p0_lab0p05.json,conformer_lite,3,hard,0.7073717025642916,0.012990575661261878,0.6717627644538879,0.04866705357822944,0.8,0.0,0.1,0.5,0.05
results_gpu/d2/paperA_conformer_lite_hard_s3_cla0p8_env0p0_lab0p1.json,conformer_lite,3,hard,0.7152958520635857,0.024734747687975563,0.6447475552558899,0.047327423431407493,0.8,0.0,0.1,0.5,0.1
results_gpu/d2/paperA_conformer_lite_hard_s3_cla0p8_env0p1_lab0p0.json,conformer_lite,3,hard,0.923117269951067,0.010751419524351755,0.2505286931991577,0.01465168032751509,0.8,0.1,0.1,0.5,0.0
results_gpu/d2/paperA_conformer_lite_hard_s3_cla0p8_env0p1_lab0p05.json,conformer_lite,3,hard,0.8454173398115521,0.028882441153128942,0.41062110662460327,0.0272687868045605,0.8,0.1,0.1,0.5,0.05
results_gpu/d2/paperA_conformer_lite_hard_s3_cla0p8_env0p1_lab0p1.json,conformer_lite,3,hard,0.9200764812063651,0.017942034450670084,0.2237585037946701,0.014596151024053716,0.8,0.1,0.1,0.5,0.1
results_gpu/d2/paperA_conformer_lite_hard_s3_cla0p8_env0p2_lab0p0.json,conformer_lite,3,hard,0.9539430333781677,0.009996310671170553,0.15052902698516846,0.00902665062846975,0.8,0.2,0.1,0.5,0.0
results_gpu/d2/paperA_conformer_lite_hard_s3_cla0p8_env0p2_lab0p05.json,conformer_lite,3,hard,0.9480571688495476,0.01118115668495496,0.15845686197280884,0.01010402633040019,0.8,0.2,0.1,0.5,0.05
results_gpu/d2/paperA_conformer_lite_hard_s3_cla0p8_env0p2_lab0p1.json,conformer_lite,3,hard,0.937818962696169,0.010556141773859658,0.19873112440109253,0.012311719748405675,0.8,0.2,0.1,0.5,0.1
results_gpu/d2/paperA_conformer_lite_hard_s4_cla0p0_env0p0_lab0p0.json,conformer_lite,4,hard,1.0,0.0,-0.0,9.947783597733042e-17,0.0,0.0,0.1,0.5,0.0
results_gpu/d2/paperA_conformer_lite_hard_s4_cla0p0_env0p0_lab0p05.json,conformer_lite,4,hard,1.0,0.0,-0.0,1.0024893839169892e-16,0.0,0.0,0.1,0.5,0.05
results_gpu/d2/paperA_conformer_lite_hard_s4_cla0p0_env0p0_lab0p1.json,conformer_lite,4,hard,1.0,0.0,-0.0,1.5480245977278087e-16,0.0,0.0,0.1,0.5,0.1
results_gpu/d2/paperA_conformer_lite_hard_s4_cla0p0_env0p1_lab0p0.json,conformer_lite,4,hard,1.0,0.0,5.205471165226072e-09,5.655631644395231e-16,0.0,0.1,0.1,0.5,0.0
results_gpu/d2/paperA_conformer_lite_hard_s4_cla0p0_env0p1_lab0p05.json,conformer_lite,4,hard,1.0,0.0,7.788338862724231e-09,4.509574685161812e-16,0.0,0.1,0.1,0.5,0.05
results_gpu/d2/paperA_conformer_lite_hard_s4_cla0p0_env0p1_lab0p1.json,conformer_lite,4,hard,1.0,0.0,5.60283552886176e-09,2.494050493149003e-16,0.0,0.1,0.1,0.5,0.1
results_gpu/d2/paperA_conformer_lite_hard_s4_cla0p0_env0p2_lab0p0.json,conformer_lite,4,hard,1.0,1.3113021850585938e-06,1.2967570910404902e-06,1.2459407715828765e-09,0.0,0.2,0.1,0.5,0.0
results_gpu/d2/paperA_conformer_lite_hard_s4_cla0p0_env0p2_lab0p05.json,conformer_lite,4,hard,1.0,0.0,3.93390520159187e-09,6.170760823451804e-16,0.0,0.2,0.1,0.5,0.05
results_gpu/d2/paperA_conformer_lite_hard_s4_cla0p0_env0p2_lab0p1.json,conformer_lite,4,hard,1.0,0.0,1.8755432762418422e-08,8.131438863619098e-14,0.0,0.2,0.1,0.5,0.1
results_gpu/d2/paperA_conformer_lite_hard_s4_cla0p4_env0p0_lab0p0.json,conformer_lite,4,hard,0.9316092222165775,0.004063424170017243,0.18741141259670258,0.012894798682771436,0.4,0.0,0.1,0.5,0.0
results_gpu/d2/paperA_conformer_lite_hard_s4_cla0p4_env0p0_lab0p05.json,conformer_lite,4,hard,0.9247438901610469,0.012123569508393606,0.1881330907344818,0.01329276712891782,0.4,0.0,0.1,0.5,0.05
results_gpu/d2/paperA_conformer_lite_hard_s4_cla0p4_env0p0_lab0p1.json,conformer_lite,4,hard,0.9312305022327526,0.014215247988700866,0.20166468620300293,0.01404802434150342,0.4,0.0,0.1,0.5,0.1
results_gpu/d2/paperA_conformer_lite_hard_s4_cla0p4_env0p1_lab0p0.json,conformer_lite,4,hard,0.9742583947881467,0.01204705794652303,0.09499664604663849,0.005245909483000176,0.4,0.1,0.1,0.5,0.0
results_gpu/d2/paperA_conformer_lite_hard_s4_cla0p4_env0p1_lab0p05.json,conformer_lite,4,hard,0.9760874626349144,0.004800502012173335,0.07115644216537476,0.004558251979738923,0.4,0.1,0.1,0.5,0.05
results_gpu/d2/paperA_conformer_lite_hard_s4_cla0p4_env0p1_lab0p1.json,conformer_lite,4,hard,0.9684612002725668,0.009550905714432399,0.12069771438837051,0.007053453004260007,0.4,0.1,0.1,0.5,0.1
results_gpu/d2/paperA_conformer_lite_hard_s4_cla0p4_env0p2_lab0p0.json,conformer_lite,4,hard,0.9842577876942253,0.004945955177148183,0.04736045002937317,0.0029325030402201357,0.4,0.2,0.1,0.5,0.0
results_gpu/d2/paperA_conformer_lite_hard_s4_cla0p4_env0p2_lab0p05.json,conformer_lite,4,hard,0.9780469000278293,0.0060336002707481375,0.07457298785448074,0.004550249122641843,0.4,0.2,0.1,0.5,0.05
results_gpu/d2/paperA_conformer_lite_hard_s4_cla0p4_env0p2_lab0p1.json,conformer_lite,4,hard,0.9877197241824672,0.00411650671561559,0.03988838195800781,0.0023349880002155087,0.4,0.2,0.1,0.5,0.1
results_gpu/d2/paperA_conformer_lite_hard_s4_cla0p8_env0p0_lab0p0.json,conformer_lite,4,hard,0.6864679302528633,0.02118701582153638,0.6868131756782532,0.05079818145227989,0.8,0.0,0.1,0.5,0.0
results_gpu/d2/paperA_conformer_lite_hard_s4_cla0p8_env0p0_lab0p05.json,conformer_lite,4,hard,0.7099408977078496,0.019276196936766306,0.6675991415977478,0.04890913410639002,0.8,0.0,0.1,0.5,0.05
results_gpu/d2/paperA_conformer_lite_hard_s4_cla0p8_env0p0_lab0p1.json,conformer_lite,4,hard,0.7091553072514301,0.02289973733822505,0.6662462949752808,0.04893871166624183,0.8,0.0,0.1,0.5,0.1
results_gpu/d2/paperA_conformer_lite_hard_s4_cla0p8_env0p1_lab0p0.json,conformer_lite,4,hard,0.8532139051059489,0.021865081697702408,0.40920716524124146,0.027461919033250928,0.8,0.1,0.1,0.5,0.0
results_gpu/d2/paperA_conformer_lite_hard_s4_cla0p8_env0p1_lab0p05.json,conformer_lite,4,hard,0.9330056358806342,0.008141833831866584,0.20468094944953918,0.012774873626000187,0.8,0.1,0.1,0.5,0.05
results_gpu/d2/paperA_conformer_lite_hard_s4_cla0p8_env0p1_lab0p1.json,conformer_lite,4,hard,0.8587856895495876,0.025559398477276164,0.382743239402771,0.025036469878559686,0.8,0.1,0.1,0.5,0.1
results_gpu/d2/paperA_conformer_lite_hard_s4_cla0p8_env0p2_lab0p0.json,conformer_lite,4,hard,0.9562405740970331,0.006581690092881521,0.1393011212348938,0.008567469020695311,0.8,0.2,0.1,0.5,0.0
results_gpu/d2/paperA_conformer_lite_hard_s4_cla0p8_env0p2_lab0p05.json,conformer_lite,4,hard,0.9397805350786324,0.009032533208529153,0.18045467138290405,0.01132638773749946,0.8,0.2,0.1,0.5,0.05
results_gpu/d2/paperA_conformer_lite_hard_s4_cla0p8_env0p2_lab0p1.json,conformer_lite,4,hard,0.9146100739615928,0.017980274568001428,0.26287493109703064,0.016039100001572083,0.8,0.2,0.1,0.5,0.1
results_gpu/d2/paperA_enhanced_hard_s0_cla0p0_env0p0_lab0p0.json,enhanced,0,hard,1.0,0.0,8.602933121437673e-08,1.800345922488007e-14,0.0,0.0,0.1,0.5,0.0
results_gpu/d2/paperA_enhanced_hard_s0_cla0p0_env0p0_lab0p05.json,enhanced,0,hard,1.0,0.0,2.988178948726272e-08,2.519486294564647e-15,0.0,0.0,0.1,0.5,0.05
results_gpu/d2/paperA_enhanced_hard_s0_cla0p0_env0p0_lab0p1.json,enhanced,0,hard,1.0,2.980232238769531e-07,3.4093829981429735e-07,1.3628146948376804e-13,0.0,0.0,0.1,0.5,0.1
results_gpu/d2/paperA_enhanced_hard_s0_cla0p0_env0p1_lab0p0.json,enhanced,0,hard,1.0,2.384185791015625e-07,2.674655945611448e-07,1.6483751961968377e-13,0.0,0.1,0.1,0.5,0.0
results_gpu/d2/paperA_enhanced_hard_s0_cla0p0_env0p1_lab0p05.json,enhanced,0,hard,1.0,1.7881393432617188e-07,1.896618613272949e-07,6.30657596337925e-14,0.0,0.1,0.1,0.5,0.05
results_gpu/d2/paperA_enhanced_hard_s0_cla0p0_env0p1_lab0p1.json,enhanced,0,hard,1.0,2.980232238769531e-07,3.4514613389546867e-07,2.2429662476163635e-12,0.0,0.1,0.1,0.5,0.1
results_gpu/d2/paperA_enhanced_hard_s0_cla0p0_env0p2_lab0p0.json,enhanced,0,hard,1.0,4.172325134277344e-07,4.1810608308878727e-07,3.1809440857954445e-13,0.0,0.2,0.1,0.5,0.0
results_gpu/d2/paperA_enhanced_hard_s0_cla0p0_env0p2_lab0p05.json,enhanced,0,hard,1.0,4.76837158203125e-07,4.811985832020582e-07,4.780210523901102e-12,0.0,0.2,0.1,0.5,0.05
results_gpu/d2/paperA_enhanced_hard_s0_cla0p0_env0p2_lab0p1.json,enhanced,0,hard,1.0,4.76837158203125e-07,4.896688778899261e-07,1.516541924192162e-12,0.0,0.2,0.1,0.5,0.1
results_gpu/d2/paperA_enhanced_hard_s0_cla0p4_env0p0_lab0p0.json,enhanced,0,hard,0.9198552670110707,0.01469070174296697,0.2167688012123108,0.015298998318876208,0.4,0.0,0.1,0.5,0.0
results_gpu/d2/paperA_enhanced_hard_s0_cla0p4_env0p0_lab0p05.json,enhanced,0,hard,0.925793096236248,0.008451150337855021,0.20646890997886658,0.01421410422065604,0.4,0.0,0.1,0.5,0.05
results_gpu/d2/paperA_enhanced_hard_s0_cla0p4_env0p0_lab0p1.json,enhanced,0,hard,0.9314236844191686,0.010640642682711284,0.19762425124645233,0.013732136303812018,0.4,0.0,0.1,0.5,0.1
results_gpu/d2/paperA_enhanced_hard_s0_cla0p4_env0p1_lab0p0.json,enhanced,0,hard,0.9890896125211399,0.003963990420103073,0.03214384242892265,0.0019916943794973103,0.4,0.1,0.1,0.5,0.0
results_gpu/d2/paperA_enhanced_hard_s0_cla0p4_env0p1_lab0p05.json,enhanced,0,hard,0.9787383635017316,0.007417587717374165,0.05809761956334114,0.003989489942522058,0.4,0.1,0.1,0.5,0.05
results_gpu/d2/paperA_enhanced_hard_s0_cla0p4_env0p1_lab0p1.json,enhanced,0,hard,0.9895528632145658,0.004174676467974981,0.037599172443151474,0.0022433276404762773,0.4,0.1,0.1,0.5,0.1
results_gpu/d2/paperA_enhanced_hard_s0_cla0p4_env0p2_lab0p0.json,enhanced,0,hard,0.9940242695216974,0.0022701495786507926,0.018195033073425293,0.0010812871929134233,0.4,0.2,0.1,0.5,0.0
results_gpu/d2/paperA_enhanced_hard_s0_cla0p4_env0p2_lab0p05.json,enhanced,0,hard,0.9949759124938076,0.0032522702515125276,0.016286758705973625,0.0008413688284258348,0.4,0.2,0.1,0.5,0.05
results_gpu/d2/paperA_enhanced_hard_s0_cla0p4_env0p2_lab0p1.json,enhanced,0,hard,0.9944613966725091,0.0026146742055813475,0.018177881836891174,0.0010252340085095163,0.4,0.2,0.1,0.5,0.1
results_gpu/d2/paperA_enhanced_hard_s0_cla0p8_env0p0_lab0p0.json,enhanced,0,hard,0.712463840747959,0.02264020301898321,0.6739203929901123,0.04845262544908122,0.8,0.0,0.1,0.5,0.0
results_gpu/d2/paperA_enhanced_hard_s0_cla0p8_env0p0_lab0p05.json,enhanced,0,hard,0.7230856657657497,0.019134714643160505,0.6685511469841003,0.04798447836378684,0.8,0.0,0.1,0.5,0.05
results_gpu/d2/paperA_enhanced_hard_s0_cla0p8_env0p0_lab0p1.json,enhanced,0,hard,0.7032276228111957,0.037738836705684654,0.6801389455795288,0.050107359870154466,0.8,0.0,0.1,0.5,0.1
results_gpu/d2/paperA_enhanced_hard_s0_cla0p8_env0p1_lab0p0.json,enhanced,0,hard,0.9596105057330464,0.007930509646733601,0.11354329437017441,0.007077284509565904,0.8,0.1,0.1,0.5,0.0
results_gpu/d2/paperA_enhanced_hard_s0_cla0p8_env0p1_lab0p05.json,enhanced,0,hard,0.9531391944292658,0.00909658126036326,0.12123335897922516,0.008041351770905985,0.8,0.1,0.1,0.5,0.05
results_gpu/d2/paperA_enhanced_hard_s0_cla0p8_env0p1_lab0p1.json,enhanced,0,hard,0.9495605925933406,0.010417099674542745,0.14027979969978333,0.009040251648933077,0.8,0.1,0.1,0.5,0.1
results_gpu/d2/paperA_enhanced_hard_s0_cla0p8_env0p2_lab0p0.json,enhanced,0,hard,0.9837087900536539,0.00623059976597627,0.05655871704220772,0.0031783041608568876,0.8,0.2,0.1,0.5,0.0
results_gpu/d2/paperA_enhanced_hard_s0_cla0p8_env0p2_lab0p05.json,enhanced,0,hard,0.971231741716917,0.006653972546259562,0.07512038946151733,0.005323565134004582,0.8,0.2,0.1,0.5,0.05
results_gpu/d2/paperA_enhanced_hard_s0_cla0p8_env0p2_lab0p1.json,enhanced,0,hard,0.9748292257368296,0.003630516678094864,0.07227636128664017,0.004577499766151049,0.8,0.2,0.1,0.5,0.1
results_gpu/d2/paperA_enhanced_hard_s1_cla0p0_env0p0_lab0p0.json,enhanced,1,hard,1.0,1.7881393432617188e-07,1.4666711933841725e-07,1.814955004260587e-14,0.0,0.0,0.1,0.5,0.0
results_gpu/d2/paperA_enhanced_hard_s1_cla0p0_env0p0_lab0p05.json,enhanced,1,hard,1.0,4.76837158203125e-07,4.2784191123246273e-07,1.0461388284493815e-13,0.0,0.0,0.1,0.5,0.05
results_gpu/d2/paperA_enhanced_hard_s1_cla0p0_env0p0_lab0p1.json,enhanced,1,hard,1.0,0.0,9.10360995476367e-08,2.2027346989470165e-14,0.0,0.0,0.1,0.5,0.1
results_gpu/d2/paperA_enhanced_hard_s1_cla0p0_env0p1_lab0p0.json,enhanced,1,hard,1.0,1.7881393432617188e-07,2.231597164836785e-07,4.809233692796803e-14,0.0,0.1,0.1,0.5,0.0
results_gpu/d2/paperA_enhanced_hard_s1_cla0p0_env0p1_lab0p05.json,enhanced,1,hard,1.0,1.7881393432617188e-07,1.8827056180725776e-07,3.1654168634265517e-13,0.0,0.1,0.1,0.5,0.05
results_gpu/d2/paperA_enhanced_hard_s1_cla0p0_env0p1_lab0p1.json,enhanced,1,hard,1.0,1.7881393432617188e-07,1.3566011602961225e-07,2.5036984621284e-14,0.0,0.1,0.1,0.5,0.1
results_gpu/d2/paperA_enhanced_hard_s1_cla0p0_env0p2_lab0p0.json,enhanced,1,hard,1.0,2.980232238769531e-07,3.6632977185036e-07,1.8422251437884467e-13,0.0,0.2,0.1,0.5,0.0
results_gpu/d2/paperA_enhanced_hard_s1_cla0p0_env0p2_lab0p05.json,enhanced,1,hard,1.0,9.5367431640625e-07,9.916568615153665e-07,1.7891724476663743e-10,0.0,0.2,0.1,0.5,0.05
results_gpu/d2/paperA_enhanced_hard_s1_cla0p0_env0p2_lab0p1.json,enhanced,1,hard,1.0,2.384185791015625e-07,2.607105216156924e-07,9.944846687113172e-14,0.0,0.2,0.1,0.5,0.1
results_gpu/d2/paperA_enhanced_hard_s1_cla0p4_env0p0_lab0p0.json,enhanced,1,hard,0.921392436811652,0.013501722633838654,0.21380363404750824,0.015050438402977036,0.4,0.0,0.1,0.5,0.0
results_gpu/d2/paperA_enhanced_hard_s1_cla0p4_env0p0_lab0p05.json,enhanced,1,hard,0.9274807706015651,0.015523084084192913,0.21098701655864716,0.014508024749433242,0.4,0.0,0.1,0.5,0.05
results_gpu/d2/paperA_enhanced_hard_s1_cla0p4_env0p0_lab0p1.json,enhanced,1,hard,0.9272655538818602,0.012900387833515803,0.21798771619796753,0.014841195689762273,0.4,0.0,0.1,0.5,0.1
results_gpu/d2/paperA_enhanced_hard_s1_cla0p4_env0p1_lab0p0.json,enhanced,1,hard,0.9868488305485963,0.0034107243220011393,0.05562826991081238,0.0028396949130401515,0.4,0.1,0.1,0.5,0.0
results_gpu/d2/paperA_enhanced_hard_s1_cla0p4_env0p1_lab0p05.json,enhanced,1,hard,0.9882639712159582,0.004011900484561921,0.03350675851106644,0.0022552163629209862,0.4,0.1,0.1,0.5,0.05
results_gpu/d2/paperA_enhanced_hard_s1_cla0p4_env0p1_lab0p1.json,enhanced,1,hard,0.9900767072780086,0.0026307915647824608,0.0336897112429142,0.002029695661915132,0.4,0.1,0.1,0.5,0.1
results_gpu/d2/paperA_enhanced_hard_s1_cla0p4_env0p2_lab0p0.json,enhanced,1,hard,0.9892950127075398,0.004097859422365824,0.027629025280475616,0.0020138782604126296,0.4,0.2,0.1,0.5,0.0
results_gpu/d2/paperA_enhanced_hard_s1_cla0p4_env0p2_lab0p05.json,enhanced,1,hard,0.9923079671239057,0.0022450713515281676,0.02262558415532112,0.0014657006623374237,0.4,0.2,0.1,0.5,0.05
results_gpu/d2/paperA_enhanced_hard_s1_cla0p4_env0p2_lab0p1.json,enhanced,1,hard,0.9920894461712455,0.0022859941124916076,0.02828330174088478,0.0016628725044953872,0.4,0.2,0.1,0.5,0.1
results_gpu/d2/paperA_enhanced_hard_s1_cla0p8_env0p0_lab0p0.json,enhanced,1,hard,0.6901695014579297,0.03477247743308544,0.7189695835113525,0.052417269324758424,0.8,0.0,0.1,0.5,0.0
results_gpu/d2/paperA_enhanced_hard_s1_cla0p8_env0p0_lab0p05.json,enhanced,1,hard,0.7020858517540214,0.02431283934911092,0.6874560713768005,0.04999192607263008,0.8,0.0,0.1,0.5,0.05
results_gpu/d2/paperA_enhanced_hard_s1_cla0p8_env0p0_lab0p1.json,enhanced,1,hard,0.6889659073359348,0.025469365080197655,0.7237640023231506,0.052753085470953275,0.8,0.0,0.1,0.5,0.1
results_gpu/d2/paperA_enhanced_hard_s1_cla0p8_env0p1_lab0p0.json,enhanced,1,hard,0.96375480540255,0.00625689489642779,0.10490337014198303,0.006745992410842927,0.8,0.1,0.1,0.5,0.0
results_gpu/d2/paperA_enhanced_hard_s1_cla0p8_env0p1_lab0p05.json,enhanced,1,hard,0.965715900457753,0.005983485609292984,0.10267474502325058,0.006464161822082046,0.8,0.1,0.1,0.5,0.05
results_gpu/d2/paperA_enhanced_hard_s1_cla0p8_env0p1_lab0p1.json,enhanced,1,hard,0.966915904064755,0.00962462349732717,0.1143338531255722,0.007104318399921179,0.8,0.1,0.1,0.5,0.1
results_gpu/d2/paperA_enhanced_hard_s1_cla0p8_env0p2_lab0p0.json,enhanced,1,hard,0.9648670581673653,0.005344575574000677,0.10162054747343063,0.00678296598613393,0.8,0.2,0.1,0.5,0.0
results_gpu/d2/paperA_enhanced_hard_s1_cla0p8_env0p2_lab0p05.json,enhanced,1,hard,0.9846370491479155,0.00478127724925677,0.053343515843153,0.0031545353070412557,0.8,0.2,0.1,0.5,0.05
results_gpu/d2/paperA_enhanced_hard_s1_cla0p8_env0p2_lab0p1.json,enhanced,1,hard,0.9483972173521464,0.006765895247459412,0.14280040562152863,0.009783367862427521,0.8,0.2,0.1,0.5,0.1
results_gpu/d2/paperA_enhanced_hard_s2_cla0p0_env0p0_lab0p0.json,enhanced,2,hard,1.0,1.7881393432617188e-07,1.7468126145558927e-07,4.680451201178416e-14,0.0,0.0,0.1,0.5,0.0
results_gpu/d2/paperA_enhanced_hard_s2_cla0p0_env0p0_lab0p05.json,enhanced,2,hard,1.0,1.7881393432617188e-07,1.1825559909084404e-07,9.062633810073932e-15,0.0,0.0,0.1,0.5,0.05
results_gpu/d2/paperA_enhanced_hard_s2_cla0p0_env0p0_lab0p1.json,enhanced,2,hard,1.0,0.0,3.035862405909029e-08,3.751039751769131e-15,0.0,0.0,0.1,0.5,0.1
results_gpu/d2/paperA_enhanced_hard_s2_cla0p0_env0p1_lab0p0.json,enhanced,2,hard,1.0,2.980232238769531e-07,2.8510859806374356e-07,1.4499804989001189e-13,0.0,0.1,0.1,0.5,0.0
results_gpu/d2/paperA_enhanced_hard_s2_cla0p0_env0p1_lab0p05.json,enhanced,2,hard,1.0,1.7881393432617188e-07,1.9756917879476532e-07,1.6390898112252593e-13,0.0,0.1,0.1,0.5,0.05
results_gpu/d2/paperA_enhanced_hard_s2_cla0p0_env0p1_lab0p1.json,enhanced,2,hard,1.0,1.7881393432617188e-07,1.1372552677357817e-07,5.459598988143018e-14,0.0,0.1,0.1,0.5,0.1
results_gpu/d2/paperA_enhanced_hard_s2_cla0p0_env0p2_lab0p0.json,enhanced,2,hard,1.0,2.980232238769531e-07,4.1433011688241095e-07,8.191874602637097e-13,0.0,0.2,0.1,0.5,0.0
results_gpu/d2/paperA_enhanced_hard_s2_cla0p0_env0p2_lab0p05.json,enhanced,2,hard,1.0,1.7881393432617188e-07,1.662174042849074e-07,3.514957073880861e-14,0.0,0.2,0.1,0.5,0.05
results_gpu/d2/paperA_enhanced_hard_s2_cla0p0_env0p2_lab0p1.json,enhanced,2,hard,1.0,1.7881393432617188e-07,2.3003393323506316e-07,1.2609519294686913e-13,0.0,0.2,0.1,0.5,0.1
results_gpu/d2/paperA_enhanced_hard_s2_cla0p4_env0p0_lab0p0.json,enhanced,2,hard,0.9317316524679025,0.008448725561300913,0.1932201087474823,0.013466353211569602,0.4,0.0,0.1,0.5,0.0
results_gpu/d2/paperA_enhanced_hard_s2_cla0p4_env0p0_lab0p05.json,enhanced,2,hard,0.9306734377994068,0.01645020721356074,0.20993521809577942,0.013776221253012883,0.4,0.0,0.1,0.5,0.05
results_gpu/d2/paperA_enhanced_hard_s2_cla0p4_env0p0_lab0p1.json,enhanced,2,hard,0.9250079585273989,0.012728811115026474,0.19839994609355927,0.013751689088473393,0.4,0.0,0.1,0.5,0.1
results_gpu/d2/paperA_enhanced_hard_s2_cla0p4_env0p1_lab0p0.json,enhanced,2,hard,0.9919374226829372,0.0030445238550504045,0.02671736665070057,0.0017002994518452983,0.4,0.1,0.1,0.5,0.0
results_gpu/d2/paperA_enhanced_hard_s2_cla0p4_env0p1_lab0p05.json,enhanced,2,hard,0.9864536776658392,0.004245126734177271,0.03783782944083214,0.002451249730343009,0.4,0.1,0.1,0.5,0.05
results_gpu/d2/paperA_enhanced_hard_s2_cla0p4_env0p1_lab0p1.json,enhanced,2,hard,0.9894862853500005,0.0026109189689159395,0.03268197923898697,0.0020173775577340372,0.4,0.1,0.1,0.5,0.1
results_gpu/d2/paperA_enhanced_hard_s2_cla0p4_env0p2_lab0p0.json,enhanced,2,hard,0.9952976862159425,0.003570379227399826,0.01672489382326603,0.0009833315567591013,0.4,0.2,0.1,0.5,0.0
results_gpu/d2/paperA_enhanced_hard_s2_cla0p4_env0p2_lab0p05.json,enhanced,2,hard,0.9945709986249437,0.0019200470844904583,0.023426201194524765,0.0011494465049640263,0.4,0.2,0.1,0.5,0.05
results_gpu/d2/paperA_enhanced_hard_s2_cla0p4_env0p2_lab0p1.json,enhanced,2,hard,0.9728074633423303,0.006786897728840511,0.0893128365278244,0.005316383109716961,0.4,0.2,0.1,0.5,0.1
results_gpu/d2/paperA_enhanced_hard_s2_cla0p8_env0p0_lab0p0.json,enhanced,2,hard,0.6879566846049954,0.024144806871811548,0.7082846760749817,0.052331490379311,0.8,0.0,0.1,0.5,0.0
results_gpu/d2/paperA_enhanced_hard_s2_cla0p8_env0p0_lab0p05.json,enhanced,2,hard,0.6838093811162842,0.04081023534138998,0.727591872215271,0.05350655012941578,0.8,0.0,0.1,0.5,0.05
results_gpu/d2/paperA_enhanced_hard_s2_cla0p8_env0p0_lab0p1.json,enhanced,2,hard,0.6983849514044984,0.024041227012872694,0.687333345413208,0.049994447600328416,0.8,0.0,0.1,0.5,0.1
results_gpu/d2/paperA_enhanced_hard_s2_cla0p8_env0p1_lab0p0.json,enhanced,2,hard,0.9591274884563119,0.006416607856750488,0.10819455981254578,0.007409333299657677,0.8,0.1,0.1,0.5,0.0
results_gpu/d2/paperA_enhanced_hard_s2_cla0p8_env0p1_lab0p05.json,enhanced,2,hard,0.9652331450214038,0.004403542160987854,0.10147280991077423,0.006517552375168482,0.8,0.1,0.1,0.5,0.05
results_gpu/d2/paperA_enhanced_hard_s2_cla0p8_env0p1_lab0p1.json,enhanced,2,hard,0.9599323413560841,0.007232679575681686,0.11370738595724106,0.007571824069137415,0.8,0.1,0.1,0.5,0.1
results_gpu/d2/paperA_enhanced_hard_s2_cla0p8_env0p2_lab0p0.json,enhanced,2,hard,0.9801137264117231,0.004556442787249883,0.05330852419137955,0.003598316947219321,0.8,0.2,0.1,0.5,0.0
results_gpu/d2/paperA_enhanced_hard_s2_cla0p8_env0p2_lab0p05.json,enhanced,2,hard,0.9796697682718258,0.003991140792767207,0.05751293525099754,0.0037589956602547005,0.8,0.2,0.1,0.5,0.05
results_gpu/d2/paperA_enhanced_hard_s2_cla0p8_env0p2_lab0p1.json,enhanced,2,hard,0.9804372590160464,0.005838593939940135,0.07189951837062836,0.004038509906611425,0.8,0.2,0.1,0.5,0.1
results_gpu/d2/paperA_enhanced_hard_s3_cla0p0_env0p0_lab0p0.json,enhanced,3,hard,1.0,4.76837158203125e-07,4.4103413188167906e-07,2.5211219513161965e-13,0.0,0.0,0.1,0.5,0.0
results_gpu/d2/paperA_enhanced_hard_s3_cla0p0_env0p0_lab0p05.json,enhanced,3,hard,1.0,4.76837158203125e-07,4.5243868385114183e-07,1.5499646353697457e-13,0.0,0.0,0.1,0.5,0.05
results_gpu/d2/paperA_enhanced_hard_s3_cla0p0_env0p0_lab0p1.json,enhanced,3,hard,1.0,0.0,1.024404951976976e-07,1.1187274749720107e-14,0.0,0.0,0.1,0.5,0.1
results_gpu/d2/paperA_enhanced_hard_s3_cla0p0_env0p1_lab0p0.json,enhanced,3,hard,1.0,1.7881393432617188e-07,1.8119804678917717e-07,4.144535177409084e-14,0.0,0.1,0.1,0.5,0.0
results_gpu/d2/paperA_enhanced_hard_s3_cla0p0_env0p1_lab0p05.json,enhanced,3,hard,1.0,1.7881393432617188e-07,1.2028208118408656e-07,4.1487917762077826e-14,0.0,0.1,0.1,0.5,0.05
results_gpu/d2/paperA_enhanced_hard_s3_cla0p0_env0p1_lab0p1.json,enhanced,3,hard,1.0,1.7881393432617188e-07,1.832239746590858e-07,3.4138333987441747e-13,0.0,0.1,0.1,0.5,0.1
results_gpu/d2/paperA_enhanced_hard_s3_cla0p0_env0p2_lab0p0.json,enhanced,3,hard,1.0,2.980232238769531e-07,3.740385352557496e-07,2.342357995392819e-13,0.0,0.2,0.1,0.5,0.0
results_gpu/d2/paperA_enhanced_hard_s3_cla0p0_env0p2_lab0p05.json,enhanced,3,hard,1.0,6.556510925292969e-07,6.142304869172222e-07,7.635158651951586e-12,0.0,0.2,0.1,0.5,0.05
results_gpu/d2/paperA_enhanced_hard_s3_cla0p0_env0p2_lab0p1.json,enhanced,3,hard,1.0,2.384185791015625e-07,2.683000559500215e-07,1.5960157856183424e-13,0.0,0.2,0.1,0.5,0.1
results_gpu/d2/paperA_enhanced_hard_s3_cla0p4_env0p0_lab0p0.json,enhanced,3,hard,0.9259602351730638,0.013093291391928993,0.19702807068824768,0.013681331452717329,0.4,0.0,0.1,0.5,0.0
results_gpu/d2/paperA_enhanced_hard_s3_cla0p4_env0p0_lab0p05.json,enhanced,3,hard,0.924570070184557,0.012392515003681184,0.21829888224601746,0.014551242677109038,0.4,0.0,0.1,0.5,0.05
results_gpu/d2/paperA_enhanced_hard_s3_cla0p4_env0p0_lab0p1.json,enhanced,3,hard,0.927900807706665,0.015261043896277743,0.19787859916687012,0.013675084055249496,0.4,0.0,0.1,0.5,0.1
results_gpu/d2/paperA_enhanced_hard_s3_cla0p4_env0p1_lab0p0.json,enhanced,3,hard,0.9912967417179774,0.004562073767185212,0.028535380959510803,0.0017350357318614532,0.4,0.1,0.1,0.5,0.0
results_gpu/d2/paperA_enhanced_hard_s3_cla0p4_env0p1_lab0p05.json,enhanced,3,hard,0.9841027026842503,0.004778685917456945,0.053015246987342834,0.002989657656955247,0.4,0.1,0.1,0.5,0.05
results_gpu/d2/paperA_enhanced_hard_s3_cla0p4_env0p1_lab0p1.json,enhanced,3,hard,0.99452082586171,0.0030089968641599024,0.0180081557482481,0.0012179325218930242,0.4,0.1,0.1,0.5,0.1
results_gpu/d2/paperA_enhanced_hard_s3_cla0p4_env0p2_lab0p0.json,enhanced,3,hard,0.9923515401627332,0.0026305600802103675,0.024482881650328636,0.0015180992909305956,0.4,0.2,0.1,0.5,0.0
results_gpu/d2/paperA_enhanced_hard_s3_cla0p4_env0p2_lab0p05.json,enhanced,3,hard,0.9849900637453352,0.004364031990369161,0.04619183763861656,0.002901907866364378,0.4,0.2,0.1,0.5,0.05
results_gpu/d2/paperA_enhanced_hard_s3_cla0p4_env0p2_lab0p1.json,enhanced,3,hard,0.9965052644821919,0.001580903947353363,0.012007176876068115,0.0006905672968648551,0.4,0.2,0.1,0.5,0.1
results_gpu/d2/paperA_enhanced_hard_s3_cla0p8_env0p0_lab0p0.json,enhanced,3,hard,0.7165604011483895,0.03274878727396329,0.6720077395439148,0.04919568441449375,0.8,0.0,0.1,0.5,0.0
results_gpu/d2/paperA_enhanced_hard_s3_cla0p8_env0p0_lab0p05.json,enhanced,3,hard,0.7057722373714108,0.026913904557625448,0.6890279650688171,0.049757390389999975,0.8,0.0,0.1,0.5,0.05
results_gpu/d2/paperA_enhanced_hard_s3_cla0p8_env0p0_lab0p1.json,enhanced,3,hard,0.7217542221062457,0.026391930679480233,0.6605178713798523,0.04826551955407846,0.8,0.0,0.1,0.5,0.1
results_gpu/d2/paperA_enhanced_hard_s3_cla0p8_env0p1_lab0p0.json,enhanced,3,hard,0.964617622627715,0.006712593078613282,0.09797780215740204,0.006302910987600838,0.8,0.1,0.1,0.5,0.0
results_gpu/d2/paperA_enhanced_hard_s3_cla0p8_env0p1_lab0p05.json,enhanced,3,hard,0.9467025136441709,0.007927007128794987,0.15447816252708435,0.01033332093805315,0.8,0.1,0.1,0.5,0.05
results_gpu/d2/paperA_enhanced_hard_s3_cla0p8_env0p1_lab0p1.json,enhanced,3,hard,0.9563609545325074,0.006655391822258632,0.1305459439754486,0.00850171728413888,0.8,0.1,0.1,0.5,0.1
results_gpu/d2/paperA_enhanced_hard_s3_cla0p8_env0p2_lab0p0.json,enhanced,3,hard,0.9831080992218557,0.0052295961777369185,0.053117696195840836,0.00338705033069235,0.8,0.2,0.1,0.5,0.0
results_gpu/d2/paperA_enhanced_hard_s3_cla0p8_env0p2_lab0p05.json,enhanced,3,hard,0.9793736731972315,0.004096588353315988,0.06449597328901291,0.004134352877786424,0.8,0.2,0.1,0.5,0.05
results_gpu/d2/paperA_enhanced_hard_s3_cla0p8_env0p2_lab0p1.json,enhanced,3,hard,0.9850636493509085,0.0051875920991102855,0.03687781095504761,0.002577902078151558,0.8,0.2,0.1,0.5,0.1
results_gpu/d2/paperA_enhanced_hard_s4_cla0p0_env0p0_lab0p0.json,enhanced,4,hard,1.0,1.7881393432617188e-07,1.2346102096216782e-07,3.446373736874133e-14,0.0,0.0,0.1,0.5,0.0
results_gpu/d2/paperA_enhanced_hard_s4_cla0p0_env0p0_lab0p05.json,enhanced,4,hard,1.0,2.980232238769531e-07,3.137983242140763e-07,1.0166935633457547e-13,0.0,0.0,0.1,0.5,0.05
results_gpu/d2/paperA_enhanced_hard_s4_cla0p0_env0p0_lab0p1.json,enhanced,4,hard,1.0,1.7881393432617188e-07,1.4003113335547823e-07,1.7108618752338408e-14,0.0,0.0,0.1,0.5,0.1
results_gpu/d2/paperA_enhanced_hard_s4_cla0p0_env0p1_lab0p0.json,enhanced,4,hard,1.0,0.0,2.4080271998627722e-08,8.944907740313186e-16,0.0,0.1,0.1,0.5,0.0
results_gpu/d2/paperA_enhanced_hard_s4_cla0p0_env0p1_lab0p05.json,enhanced,4,hard,1.0,1.7881393432617188e-07,1.9256262362432608e-07,6.207520768375219e-14,0.0,0.1,0.1,0.5,0.05
results_gpu/d2/paperA_enhanced_hard_s4_cla0p0_env0p1_lab0p1.json,enhanced,4,hard,1.0,1.7881393432617188e-07,1.343885429605507e-07,3.223727509153688e-14,0.0,0.1,0.1,0.5,0.1
results_gpu/d2/paperA_enhanced_hard_s4_cla0p0_env0p2_lab0p0.json,enhanced,4,hard,1.0,4.76837158203125e-07,4.875835770690173e-07,1.1069408092299966e-11,0.0,0.2,0.1,0.5,0.0
results_gpu/d2/paperA_enhanced_hard_s4_cla0p0_env0p2_lab0p05.json,enhanced,4,hard,1.0,1.7881393432617188e-07,1.6899831223327055e-07,3.5781324920367465e-13,0.0,0.2,0.1,0.5,0.05
results_gpu/d2/paperA_enhanced_hard_s4_cla0p0_env0p2_lab0p1.json,enhanced,4,hard,1.0,1.7881393432617188e-07,2.1882826217733964e-07,1.1787644624214508e-13,0.0,0.2,0.1,0.5,0.1
results_gpu/d2/paperA_enhanced_hard_s4_cla0p4_env0p0_lab0p0.json,enhanced,4,hard,0.9265444743645638,0.007664155870676042,0.19441862404346466,0.013475617414882504,0.4,0.0,0.1,0.5,0.0
results_gpu/d2/paperA_enhanced_hard_s4_cla0p4_env0p0_lab0p05.json,enhanced,4,hard,0.9314560054446824,0.015413130005200703,0.19368670880794525,0.013408465651985156,0.4,0.0,0.1,0.5,0.05
results_gpu/d2/paperA_enhanced_hard_s4_cla0p4_env0p0_lab0p1.json,enhanced,4,hard,0.931301423274459,0.009982342104117076,0.2005990445613861,0.013606574817194643,0.4,0.0,0.1,0.5,0.1
results_gpu/d2/paperA_enhanced_hard_s4_cla0p4_env0p1_lab0p0.json,enhanced,4,hard,0.988786944365424,0.004315253267685572,0.02996077947318554,0.00215745731891005,0.4,0.1,0.1,0.5,0.0
results_gpu/d2/paperA_enhanced_hard_s4_cla0p4_env0p1_lab0p05.json,enhanced,4,hard,0.9886549709840716,0.003035255571206411,0.037518735975027084,0.0023049118984597504,0.4,0.1,0.1,0.5,0.05
results_gpu/d2/paperA_enhanced_hard_s4_cla0p4_env0p1_lab0p1.json,enhanced,4,hard,0.983563191073792,0.002572205553452174,0.047324731945991516,0.003197110275039898,0.4,0.1,0.1,0.5,0.1
results_gpu/d2/paperA_enhanced_hard_s4_cla0p4_env0p2_lab0p0.json,enhanced,4,hard,0.989300997791944,0.0028105477293332423,0.03469239920377731,0.002270885624170387,0.4,0.2,0.1,0.5,0.0
results_gpu/d2/paperA_enhanced_hard_s4_cla0p4_env0p2_lab0p05.json,enhanced,4,hard,0.996987117629293,0.001729208250840505,0.0074040633626282215,0.0005944461422966504,0.4,0.2,0.1,0.5,0.05
results_gpu/d2/paperA_enhanced_hard_s4_cla0p4_env0p2_lab0p1.json,enhanced,4,hard,0.9881001635129587,0.004540034184853236,0.0453762412071228,0.0022331640870413734,0.4,0.2,0.1,0.5,0.1
results_gpu/d2/paperA_enhanced_hard_s4_cla0p8_env0p0_lab0p0.json,enhanced,4,hard,0.6849318751241709,0.026263943394025168,0.7051182985305786,0.051747437539501145,0.8,0.0,0.1,0.5,0.0
results_gpu/d2/paperA_enhanced_hard_s4_cla0p8_env0p0_lab0p05.json,enhanced,4,hard,0.7151831384767063,0.019886650214592613,0.665561854839325,0.048478776708751656,0.8,0.0,0.1,0.5,0.05
results_gpu/d2/paperA_enhanced_hard_s4_cla0p8_env0p0_lab0p1.json,enhanced,4,hard,0.6868048664129718,0.01673146531979243,0.692251980304718,0.050514262436892124,0.8,0.0,0.1,0.5,0.1
results_gpu/d2/paperA_enhanced_hard_s4_cla0p8_env0p1_lab0p0.json,enhanced,4,hard,0.9639063841630813,0.006876941462357838,0.10647303611040115,0.006932722365187307,0.8,0.1,0.1,0.5,0.0
results_gpu/d2/paperA_enhanced_hard_s4_cla0p8_env0p1_lab0p05.json,enhanced,4,hard,0.9625750069243328,0.005187020520369212,0.11822696030139923,0.007446966973411529,0.8,0.1,0.1,0.5,0.05
results_gpu/d2/paperA_enhanced_hard_s4_cla0p8_env0p1_lab0p1.json,enhanced,4,hard,0.9625625482380205,0.00692917662858963,0.11593139916658401,0.007238056081886904,0.8,0.1,0.1,0.5,0.1
results_gpu/d2/paperA_enhanced_hard_s4_cla0p8_env0p2_lab0p0.json,enhanced,4,hard,0.9855266734262911,0.003536369909842809,0.04396257549524307,0.002908150167460034,0.8,0.2,0.1,0.5,0.0
results_gpu/d2/paperA_enhanced_hard_s4_cla0p8_env0p2_lab0p05.json,enhanced,4,hard,0.9807688431772186,0.004508132298787435,0.05905118212103844,0.0038775320064156214,0.8,0.2,0.1,0.5,0.05
results_gpu/d2/paperA_enhanced_hard_s4_cla0p8_env0p2_lab0p1.json,enhanced,4,hard,0.9686309154136632,0.004402803699175517,0.09356699883937836,0.006035953115523277,0.8,0.2,0.1,0.5,0.1
