Temporal_Pattern,Frequency_Response,Spatial_Correlation,Channel_Diversity,Signal_Strength,Noise_Resilience,Attention_Weight,Memory_State,Feature_Interaction,Complexity,Model,Protocol
2.385830732421459,1.6421077213422162,0.9382838059759977,-0.5160447282173739,0.09612077694098337,-0.4622752887050425,-0.4344962274323156,-0.30917212346863937,0.22213377163371284,-0.4787486216634773,Enhanced,LOSO
2.0818110241879255,1.863435353256781,1.2557561255735208,-0.8946073022195039,-0.18687164416135904,-0.4397310582741749,1.4469778843537329,0.19655477651157463,1.0318445394686349,-1.485560373036972,Enhanced,LOSO
2.6011458460449757,1.8271052392069556,0.26705026586925884,0.889630795623437,0.08228398927542419,1.0654803750653512,-0.5172884501003722,1.40934744018558,2.2988981236192503,-0.36283856043965906,Enhanced,LOSO
1.946172673940798,1.4888568439045595,-0.4455025214007718,1.453384477117701,1.5795721457307124,-0.5228600271532683,-0.42018681709585726,-0.2817846088605072,-1.344450511034277,-0.9186519464841982,Enhanced,LOSO
2.542784580417136,2.0143571309303234,-1.0041407667520679,-0.7677975651041284,-0.03468488738678118,0.23421473253652075,1.5505004928140769,-0.998354040738791,0.9843223984765838,-0.21398884422550896,Enhanced,LOSO
2.70055050171974,1.8532738221806453,-0.04946370965243295,0.6748194921666038,-1.1227220215622986,0.3824097461840506,0.1664522082130561,0.4924512640081491,0.2891686439078181,2.4553001399108942,Enhanced,LOSO
2.7362520716651884,1.4312197341329038,-0.637739984251316,-0.5309969550018176,-0.6231405264247644,-0.5554771191602547,-0.6373871273065177,1.1890165311075518,1.4205042479898549,-0.5707462937494763,Enhanced,LOSO
3.061293667970653,2.183482738739653,-0.8323555731042287,0.4714155563864041,-0.5522230442809712,0.6329318177555108,0.2029230208512997,-1.515744114997232,1.5475052013300616,1.7958776730955217,Enhanced,LOSO
2.72768835979352,2.1270620917568737,-0.6127886904843862,-0.38770155993598415,0.28586539072490497,0.334456789987025,0.6585442726728304,2.0102045387663496,-0.1769472274940494,-0.7982972445384537,Enhanced,LOSO
2.9719774566656563,1.8253678122550856,-1.3793192280145272,-0.7309300399419191,-0.033126972873797095,1.7945578635177877,-0.5176112990361714,0.2237879516388985,-0.016422896072752075,1.188393273448084,Enhanced,LOSO
2.134313921502196,1.3629171863797924,2.5269324258736217,-0.5308687729203206,-0.48943944251822213,1.044160877069072,0.6818914896263114,1.8467073257360336,0.5839281853259639,-0.35929209078705954,Enhanced,LOSO
2.7067791075437104,1.5562341714808874,0.5906548306923093,1.1087035805829077,0.820482181197364,0.5072740311072977,1.066674689589154,1.1692955904456728,1.3821589910375272,0.6487098875896427,Enhanced,LOSO
2.631546947696905,1.9666237504416584,-0.16711808031685435,0.14671368643332283,1.2065089665083568,-0.8169356709872361,0.3686733088729012,-0.3933388123273607,0.028744822934817487,1.2784518626072987,Enhanced,LOSO
2.7558095004296796,2.1746156454680845,0.19109906801990334,0.04643654815614881,-1.3598561409799192,0.7462535660272207,0.6454841811410754,2.16325472330546,-0.30777823495300083,0.21915032766393897,Enhanced,LOSO
2.7106125111185415,1.918370848260339,0.24938368371075526,1.5774532797634744,-0.0952955323869521,0.27902152577033923,0.6078965097165392,0.1866091231563581,-0.44643361455052827,0.19408999289830758,Enhanced,LOSO
2.3719132460945342,2.25765503842352,1.073631749859772,-1.0265152994110602,0.132969674146876,-0.7001208149391732,1.1950466289248425,-1.5231869047837747,-0.5589218472715883,0.37721187506452086,Enhanced,LOSO
2.6709351493040008,1.6364575851486822,1.5655240292343404,-0.0657502610729878,-0.5551995266931984,1.8811570694405901,-1.448013900416244,-2.198805956620082,0.4400144500533324,-0.5020542243526112,Enhanced,LOSO
2.467769128583079,1.3817044684969004,-1.0212328171307132,0.7083564472993533,0.24380071377119883,-0.5640786307367284,-1.2803043986708944,0.8724573282801447,0.650201177958661,-0.09917586377938291,Enhanced,LOSO
2.7526514014893566,1.4329492960849155,1.8466369960476658,-1.0700847663261526,-1.5255251709247388,-0.6919080698812444,-0.045586016355497805,0.24333944932269183,-0.24123605785632987,0.3520553965142968,Enhanced,LOSO
2.832612235355562,2.194865224189768,-1.251539424190444,1.4437646040732595,-0.0821511783925688,1.1172958315881276,0.34272534637770413,0.4567532191537839,0.5697672802322039,0.44770856001731496,Enhanced,LOSO
2.2706668937229852,1.624858302449835,0.6427227598675439,1.3291525301324314,0.19652116970147013,0.7090037575885123,-0.08973569428722672,1.4401172154494728,-0.6763923020592697,1.8009404329108156,Enhanced,LOSO
2.579280260998191,1.784062912002576,-0.04015795064434341,-1.4307751021180481,0.12810441491078928,-0.6810516574748808,0.8406435489887241,-0.6526239793023909,-0.4461834332147797,-1.889540730945531,Enhanced,LOSO
3.018727285896247,2.0910925599954293,-0.4523063192490767,-2.4238793266289567,-1.5839028234857233,0.7604146561442974,0.7858001586508322,0.42545756178496474,-0.966976143129213,-0.047711356141979855,Enhanced,LOSO
2.4590054228560887,2.093296822860043,-0.0036025390905684044,-1.1583646891925428,1.5033983017671506,0.8773622905756714,-0.22096417382966393,0.02688583899453078,0.20838280794755248,-2.0417348684242906,Enhanced,LOSO
2.6846573806801737,1.4271351309518376,-0.24717738252059693,-0.6819842479977986,-1.0016200098949155,-0.2811002928859549,1.7976865268495226,0.6408428612670098,-0.5711789897827968,0.5725827813561586,Enhanced,LOSO
2.472132804352689,1.650359095083968,1.3993554365860021,0.9246336829127688,0.05963036992017413,-0.6469367777055739,0.6982233136135899,0.3934853854217496,0.8951932200277323,0.6351718016819695,Enhanced,LOSO
2.5886682114467376,2.0820972377923552,1.0495527153193351,-0.535235211560568,1.3173940656343257,0.19759960469239965,2.0752608726252655,-0.6891878180895679,1.7359638031652493,0.1979107834626478,Enhanced,LOSO
2.0704008365739512,1.6648974681779616,-0.6514180036144483,-0.48388583405432156,-0.32034730819432017,0.4241659464019164,0.5228354880354996,-0.573700003938579,-0.02435459226098284,2.1422703586118637,Enhanced,LOSO
2.7787199534814215,1.9809384146412332,1.7275431701007113,0.4363236696740321,0.03800347816820029,0.1200313267182613,0.6135179727304166,-1.0227925651984056,-0.2573765374233451,-1.6685840738775894,Enhanced,LOSO
2.2550325449725936,1.8635270011711094,0.39922312260527926,0.647195939702741,-0.483186462299374,1.5739867632900328,-1.2257656630023412,-1.4643748802098202,0.22445181855997204,1.0470983026121545,Enhanced,LOSO
2.6605825312372913,1.90187200780592,1.6839276914578687,-0.45888426286894,1.0786808334312956,-0.03850846950070721,-0.17262729994081963,0.8836599374866724,0.6523228784134196,-1.5763921569842494,Enhanced,LOSO
2.9921191849237836,1.9138454364962096,1.4765403497258958,1.3800913541474515,-0.6255627015095294,0.39580353343740904,0.4940301862827388,0.2606737658239071,-0.5503051538454201,-0.6716233679380516,Enhanced,LOSO
2.063040262050849,1.7919210164684127,-0.025554070991445278,1.1727290192593647,0.5436001545944323,-0.37061433208610595,0.7716987106483447,-2.8485426206300755,1.1487657003721035,-1.7397137787780996,Enhanced,LOSO
2.3610483007667202,1.9783932671915183,-0.36244094140313216,-1.1196698946261439,-1.2946814757209058,1.1608267873785194,-0.46770120131189136,0.3465038817307158,-0.04692057887918407,0.47704082722312147,Enhanced,LOSO
2.5029642851435083,1.5989595063313993,0.07682189106025536,-1.2829922241885696,0.99626681944714,-0.4937565831613125,-1.556581898659751,-0.4281151609659125,1.5007597906343109,0.8502217421134929,Enhanced,LOSO
2.157842803607031,1.9442126710727723,-0.3486521344078592,-0.3492577043184288,-0.3216350512173826,2.076747983560841,0.38193545223155334,0.43004164719106963,1.0302834540318422,0.23878915902651351,Enhanced,LOSO
2.2624194809380507,2.0572032488285323,-0.2590421458207031,-0.19634984908497827,-0.07160125941406395,-0.03722223650984159,0.7276295436369798,0.05194588580729943,0.7326400772155792,-0.08071658010858232,Enhanced,LOSO
3.0874925477907254,2.647400940632947,0.07863519031609059,-1.9982006845321076,0.9163276747024814,0.3464884758979927,0.9980101098596522,-2.8962553781936893,2.0883747047807275,-0.13958962815517376,Enhanced,LOSO
2.5234383918108487,1.7288839653504136,1.1081828167375165,-1.0399059271255309,0.6127739050625697,-1.0534155631736561,-0.6237689606958051,1.9140313538667861,-0.19068240076334658,0.21743287317972287,Enhanced,LOSO
2.789132515233033,1.4606080375642816,0.8700677306887542,0.49568188797260465,0.15041890514357642,0.3649610024662254,2.403415585238275,-0.05761879703358539,0.2010990467149675,1.050654396007612,Enhanced,LOSO
2.503695168756331,1.916624079462019,1.1055259329579838,1.1870303055603801,0.6387302220291846,-1.1430049127304835,1.633431532301096,-1.146345393018688,0.30263546523903323,-0.7542758500193579,Enhanced,LOSO
2.1772077637051286,1.313316330387394,-0.06413834659299254,0.3287624103034804,0.32135721545027307,0.42192075423528475,1.613711269058647,0.45353430151397983,-0.24415663529064868,0.9640871682883573,Enhanced,LOSO
2.800749846439587,1.942080337463636,1.1894704889246406,-1.2276078151369925,0.597400069849858,0.7011727423108983,-0.29756350335999193,1.3757068133116195,-0.15005558703252672,0.12557645347154225,Enhanced,LOSO
2.197326690981668,1.6012869199649067,-0.1730718242838696,0.015579047581467534,-1.0962750868952018,-1.4400508825942944,1.5945050632249722,-0.8469613483183278,-0.9913923494563072,-2.153390113603715,Enhanced,LOSO
2.5639260999645535,2.026235513707187,-0.6389617476895022,-1.3230897934074983,1.642015160136369,1.0098170893426341,-0.6881503451777238,2.2524358053443088,0.9817654869915943,-0.32483138350862245,Enhanced,LOSO
2.3202579974875706,1.926570438907187,-2.499405714873573,2.2909425725907417,-1.389572466763596,-1.6453987469568918,1.0225704320096403,2.439752406339273,1.3842728185105182,0.5639091200523596,Enhanced,LOSO
2.7440730923549057,1.940457223728012,0.594754341665286,0.8534155587803077,0.7589285897867651,0.2811914239693758,0.10420110395187607,-0.06259312789952241,-0.7539645888666763,-0.28067507686677406,Enhanced,LOSO
2.8387852715161204,1.6759812089360522,-1.6929568141953855,-0.09833962679474989,-0.9885911071509175,-1.103589317215771,0.17989415115347845,1.3920022863445993,0.918316606002313,-1.570500603623177,Enhanced,LOSO
2.377627659494344,1.7601805850227081,-0.9896281365703375,0.9407711879882159,-0.9824873935383096,-0.2246331499970246,0.5500520990245519,-0.9683444548636353,0.1053755061459599,-1.3340254949182044,Enhanced,LOSO
2.535691104786808,1.7615081396632915,-0.6013676439512137,0.31978193414253697,-1.5929937335316693,0.440474737960399,-0.019637798926681216,0.5524899544171478,0.22391413406466143,1.3641404299738442,Enhanced,LOSO
3.1026393758712905,2.2286918484144,0.12522450264790727,-0.429405541125253,0.12229750303228377,0.5432980290363879,0.04886007032570433,0.04059169120388238,-0.7019916878067554,-0.6629009175509482,Enhanced,LORO
2.8327219991619077,1.8589385998791113,-1.4026052717996935,1.7495767431869393,-1.243863235391285,-0.6929051977959073,-0.7184072655691974,0.8949243769444413,-0.2949496782920278,1.2477420726737338,Enhanced,LORO
2.585639614933634,2.0153111688557366,-0.6734906242438685,0.27899416222380197,-0.8353470532597573,2.1451491277733883,-1.1875984190295128,0.3098207102270275,0.6337768809320985,0.41379909745149823,Enhanced,LORO
1.99133866449937,1.3954821886971034,-0.1852876588777083,-0.12982069973342616,0.0438114719791096,-0.14700200162848862,0.9638791167949097,2.2105230015913513,-0.5574917850078336,-1.3698029795790778,Enhanced,LORO
2.5324675261783662,1.8141806315419151,-0.08828204835125482,2.5797093376543185,-0.8036745679697308,1.6391168054440675,1.6777008140764407,-0.5535882417079946,0.5689830791852754,1.628396623128538,Enhanced,LORO
3.1952309082610495,2.439257725985576,-0.3791277409874871,-0.20358036010236177,-0.5816809139486437,-1.0147567306928669,-0.6492775450660071,-1.2239402667622565,0.03408346825922607,-0.7699732310586418,Enhanced,LORO
2.1910342462397,2.307230420997503,0.2337859117907477,-1.5558956462036273,0.33088023221445706,0.8335289616089246,-1.9937356425714554,0.37405656984757213,1.2276689924732922,-1.2096410186912054,Enhanced,LORO
2.6114579247003458,2.0064620777735858,1.6725723868377034,0.4190190093660452,-0.7050118557584089,-0.05576907765770601,0.5583269125217224,0.0760053914124115,0.5387559924463692,-0.9206735930793662,Enhanced,LORO
2.795922562214634,1.7085297219853137,0.169360824036078,-1.4137144969049802,-0.11122606134870032,-0.9039076414647897,-0.7355299425897666,1.2360931752104374,1.091310120594269,0.609138120907177,Enhanced,LORO
2.1288043776393466,1.7056199680801163,-1.092312764672579,-0.3164084496948019,1.2130976999791834,0.14171691363990474,2.319329539981694,0.39331783939437187,0.1920491164900316,-0.3091164642025014,Enhanced,LORO
2.500476802884255,1.5191581661138387,0.1335409047822823,-0.1524698363805439,0.7081086766885905,0.9567023167945841,-0.7859894605079495,-1.331232953557778,-1.8362053731032966,0.5079913269125437,Enhanced,LORO
2.3900923799578404,1.2609419649604816,-1.1033666061738736,-2.152890592952483,0.3885786045309641,2.4929995174327906,-0.006070911539893324,0.8384907744516419,0.08182935854756501,-0.09888965319114267,Enhanced,LORO
2.0720557511009146,2.1109836782077394,0.9190764829877686,-0.29027454418865134,0.26739231407190295,0.3216978061960136,-0.6680904536430488,0.9920423495365228,-0.17495975669540864,-0.7557451594928447,Enhanced,LORO
2.9948652463350056,2.0831947199605736,0.5365098435704035,-0.8984679817910373,0.028181157369128247,-0.009118996644203544,1.085895565831578,0.4746982328799528,-0.025026958745143917,0.8177662992002871,Enhanced,LORO
2.6491036812143975,1.7850312233651997,1.3902075490173134,0.5578103063518622,0.010352619843380607,-1.3118362323501596,-1.0651136630753726,-0.30522470435466764,-0.6095122021592831,-0.186971302985446,Enhanced,LORO
3.0667754113385524,2.351304616937356,0.056649924897107164,0.5296927543567308,-0.07049877805909122,0.4865016438262019,0.06447441481012024,-1.9754665663538713,-0.9393353938187543,-0.14408755572161547,Enhanced,LORO
2.8521532046280655,2.2826595815649857,-1.2096947428411076,0.5999287299962045,1.5307508323436974,1.2187618516973167,-0.213442870930208,1.490726136849952,0.14866745720211155,-0.33708597111803934,Enhanced,LORO
2.6375472084610605,2.4275674177537168,-0.6134026635409398,-0.30246968648812833,-0.38817681854122876,0.1704162223754877,0.1605739810498646,0.0030460201534144695,0.43693816974634986,1.1906462747863413,Enhanced,LORO
2.89230659229117,2.0665162842084763,0.9495541354413237,-1.4848979684499035,-2.553921134901955,0.9343199112392737,-1.366878698415421,-0.22476540189268354,-1.1701130260593595,-1.8019804375800197,Enhanced,LORO
2.5445035003338736,1.4574099281543482,0.541462728204788,0.7591551603026468,-0.5765104007267194,-2.59104229214491,-0.5462444482524828,0.3918040054025465,-1.4789115687741288,0.18335991977915564,Enhanced,LORO
2.3227602106350185,2.0606918975160355,-0.015309849172995557,0.5792914996010884,0.11958036841415326,-0.9730689408815555,1.1965715016644913,-0.15852957302697002,-0.02730453950993186,-0.933267959073196,Enhanced,LORO
3.065880563532207,2.3874022525414995,-0.4432822511915103,-0.8848027140269009,-0.172946059923423,1.7117084801423434,-1.3719011429313563,-1.6135613978767411,1.4711703274936085,-0.20932367715186612,Enhanced,LORO
2.396034136664674,1.9610145221847082,-0.6690727386599166,1.0399046873960764,-0.6056155397368641,1.8260097135469362,0.6779258713392691,-0.48791140814570266,2.1573082132655035,-0.6057149230033384,Enhanced,LORO
3.1902978854834982,2.023128142109412,0.742095372009307,0.2992925804064919,1.301741289398798,1.5615111967268527,0.032004149065766624,-0.7534178703461835,0.4599721429391164,-0.6777153697521061,Enhanced,LORO
2.392158398160955,1.803226032013776,2.013387247526623,0.13653533108273744,-0.3653215513121087,0.1846803058649084,-1.3471262895296965,-0.9716140385106515,1.2004139079444254,-0.6568942789713957,Enhanced,LORO
2.46793149729066,1.8886812198558294,-1.0469109826819396,0.5366527525272862,1.185704154662997,0.7189533106650667,0.9960476858058164,-0.7567950885694608,-1.4218106667418438,1.5013336519554867,Enhanced,LORO
2.772653063951988,2.1327413939819477,-0.32267983884213575,-0.25083301645504735,1.328194141849058,0.5562300094006599,0.45588777208160763,2.165002344901084,-0.643518230380143,0.9278401280812372,Enhanced,LORO
2.6229481477546943,1.6938871360346672,0.0570131248970845,0.26859227886325693,1.5284684264125317,0.5078357562896237,0.538296079049633,1.0725073373098022,-0.3649527295428853,-0.8392096673390064,Enhanced,LORO
1.950195214284041,1.4528148744664522,-1.0448091940210336,-1.9663565893760018,2.056207129940322,-1.1032083657216831,-0.221253623585772,-0.27681329988892067,0.30740669780910074,0.8157372125392968,Enhanced,LORO
2.8628897336631316,2.3507367787757003,0.8604734883597454,-0.5830774385689385,-0.1671217137864115,0.28257995048829965,-0.24869112618354708,1.6073455760199926,0.49097495163825133,0.7348777860498175,Enhanced,LORO
2.775476294382382,2.311825433701982,0.6628812686674127,1.173473857485325,0.18102155870370695,-1.2968319479558466,0.3996879517526416,-0.651356893791829,-0.5286166817497568,0.5863640187550933,Enhanced,LORO
2.3731988076729844,1.4302617351745697,1.2382830714336357,0.02127157673606165,0.3088330125989638,1.702214944635238,0.24075317948856828,2.601683114180395,0.5655096456315442,-1.7607627591558177,Enhanced,LORO
2.2378325185073846,1.6980593730345819,0.7533416211045325,0.38115838488277776,1.2897527540827456,0.6731813512699584,-0.13845598398377382,-1.2242982362893657,-0.20902325728602528,-0.8505204542093001,Enhanced,LORO
2.0461517177096957,1.9937373066186443,-0.5805234498047227,0.5885784044206096,1.6699045043514062,0.3946715298229811,-1.1958830620351844,0.4446026682201407,1.196631486645651,-0.6097829043193822,Enhanced,LORO
2.7950495237298236,1.839715367879504,-0.1340171666729177,0.014688194729197093,-0.78489831308224,0.648280433843859,-0.12094814860778157,0.41953244390702776,-0.8874921778021001,-0.43745830032341043,Enhanced,LORO
3.0032947022239926,2.0115834325276545,0.7223813578277714,-0.372833152091767,1.7269638512334051,-0.39963618561460235,0.22468472575188592,0.9325908318730899,-1.4183657329330317,-1.7608088119807759,Enhanced,LORO
2.5696780831324335,1.980616918550348,-1.5256563145700948,1.262584103427182,-0.5518581458924467,2.5581992856682523,-0.5642475986573886,0.18455130319703697,1.5421099525678756,2.006092888159123,Enhanced,LORO
2.3836674326619107,1.9640642041842429,2.061503576636398,1.2083662305931424,1.0240625258114624,0.5925269492011831,0.7783610761666377,-0.5511857163285334,-0.8181988834223072,-0.0033744574109520514,Enhanced,LORO
2.365616144604655,2.146690701591875,-0.17018462252492844,-0.4532280493272752,0.6963874474567153,0.9553052085705107,0.08840688629184736,1.4775300810552618,-1.141689114133505,-0.19365945927971812,Enhanced,LORO
2.2503855773402486,2.4435675189131536,-0.7168223206028049,-1.86653661707306,-0.08268068584269925,-0.12174750838328353,1.513449743242131,0.6308116845547775,-1.024186824329205,1.8540925663341883,Enhanced,LORO
2.5431349370875425,1.5750231386258966,1.221033695525353,0.5820977034686158,-0.22648409884983192,-0.9594392367234797,-0.372206776071053,1.088748619704186,1.884586305934609,1.543243528272189,Enhanced,LORO
2.8533913210532886,2.2866234495755373,-0.4888494217862741,-1.1196174332890112,0.14088624691120394,-1.7684393655628516,0.32316771418478146,-0.14760258629866868,-0.46603650186824225,-1.5947030672667954,Enhanced,LORO
2.5556659818497325,2.086323395937299,0.5136001065697166,-0.5327008396619114,-1.169916835710288,-2.8722622132816493,-0.027514905050636255,1.772251596669744,1.66125921454787,-0.45709625658627184,Enhanced,LORO
2.465774282587076,1.753328338031711,-0.6022120603617805,0.46877425607502377,-0.9983854391882915,0.30179189981946597,0.7660802783846903,1.2269332238843076,-0.10015407647995278,-0.20367375017696587,Enhanced,LORO
3.1009300503287345,1.879064103415157,-0.877982586756561,-0.82688035403986,-0.22647889190152676,0.3673655068161781,0.9135846262332494,-0.8031789506803448,1.4926885689595217,-0.2711236010425688,Enhanced,LORO
2.6018019937611054,2.174070166076808,-0.021367294348436157,-0.7472116791478234,-2.4242402602729416,0.8840453963610497,0.7368438970924334,-0.2813275571182134,0.06699071722487192,0.5159392177040995,Enhanced,LORO
2.731498163516342,1.6247384452482692,-1.5625458568865427,-0.5290526773462948,0.7942646796218271,-1.2542894231692494,0.2935579321666293,-1.356581804623405,0.46642998243352635,-0.03564148229748357,Enhanced,LORO
2.4855848675392016,1.9172885697228619,-1.6151318159055095,1.1647393544571714,-0.7345915767980492,-0.810252437014381,0.20056919723094285,1.1486373494287152,-1.015821818978397,0.06167984984797165,Enhanced,LORO
2.847884983808955,2.176985579277837,0.42881650033057295,0.6931056072631441,0.1764415552772252,-0.3670278390833223,-0.8275902206487197,0.08614388304637476,-1.072139011985607,-2.9213504834946074,Enhanced,LORO
2.7632262068145144,1.6866221112237856,0.4365598041576678,0.9039348410861953,-2.3629324355418384,-1.0097307047099375,0.6191542610051978,2.0574954697116987,0.020793707675407894,-0.7280029412291344,Enhanced,LORO
1.449285160181109,2.3049918095680284,-0.18289644110484016,1.3748764191481848,-0.6459641791245353,-0.7991920066502536,-0.4827435221820324,-0.9533286082587124,0.12267031599479553,1.6246784584695606,CNN,LOSO
0.9035314396746025,2.2505622035156136,0.3230792731160291,-0.2523535021262876,-0.2918112689155441,-1.563190808696657,0.883109777147159,-0.07783719701280203,-0.18047991359062565,3.193107567844861,CNN,LOSO
2.837020269051677,2.3028443846650157,0.29875290836568624,-0.7517910500951843,-0.4263575962055433,1.1484457091967548,0.11327041053776446,-1.4382779783173667,0.9192289345752035,-0.668144085538994,CNN,LOSO
1.3704441126601599,2.229300317108917,1.8732977762175456,1.0800480657146485,-0.4473218956587512,1.281016361735113,0.0678555105274033,0.8527736751222195,0.48473281729447476,-0.8463566549908735,CNN,LOSO
0.5137132075494137,3.6155039878382196,-0.643549832317462,1.0299608175811612,-0.33477533210654087,-0.4036484632419967,-0.955122579349353,0.42359906559346105,2.062524919243145,-1.0675329142542729,CNN,LOSO
1.178616499733567,2.467485305366214,0.02421945667275807,1.4122205554154292,-0.07964139124571515,0.4523717962497339,-1.0623935281468797,0.4283070972076486,-0.18714426500454878,0.985729995679863,CNN,LOSO
1.0813835996040342,2.1296010024177887,1.1873860515647512,2.589563642018614,0.5796331732135757,0.32579631658216646,0.19438430157733602,-0.35316629281068834,0.33848384346169114,-0.29540141013902943,CNN,LOSO
1.7875072565990593,2.6277313960407587,0.1684609762696143,1.3175975356079597,-1.0065425652796411,1.1398785611290454,1.3171150673398653,-0.11806852699107874,-2.1218548990085946,-0.6078219870944325,CNN,LOSO
2.3075106355845385,2.377786098297779,1.2969945465611092,-0.022868062298882122,-0.9993022322949108,-0.5047749212282174,0.840620026504553,0.5467335682013793,-0.23893209916969432,-0.36682441181468756,CNN,LOSO
2.0595660653383083,2.407395263505332,-0.3917581490438219,-0.9224101844985025,1.6153756894694418,-0.3223204692113399,1.2171585208254965,1.5213160519224513,0.9983108981479604,-0.4316203127180484,CNN,LOSO
0.9410794711837038,0.5978299022520965,0.40373009033660945,-0.024195606390916165,-0.9037018607301281,0.324359281721603,-1.1790397911598025,1.1876793884615637,-0.4646172972983931,0.2011596558728393,CNN,LOSO
1.8170929616852136,1.2852815895608178,0.28328787154614216,-0.25890497370407733,0.5866938014752747,-0.47490365662252443,0.8712972974572442,-1.3459796802467485,0.12637957954641182,1.9389289990582848,CNN,LOSO
1.79340079383414,2.8206978979513173,-1.0003313246055747,-0.6777449705248515,0.513907849658915,0.17958178193959795,0.3506300992735592,0.4891871301476635,0.6347214685617699,1.1096998419562232,CNN,LOSO
2.03937496442962,1.7295946787457739,0.40981865692851255,-0.24125765461854246,0.6725737012027313,1.8998819348952156,-0.13263374638257355,-0.9745293046706415,1.1070806692869728,-0.12038116395359824,CNN,LOSO
2.039120424926361,2.7376981583271647,-2.172669546014036,0.8474216771504216,-0.5353281859539227,-0.09053328230416077,0.33198033056901455,0.1904996797790664,0.7094518171390395,-0.43548637056984335,CNN,LOSO
2.1666624520488864,2.550801189839651,0.5131057981760827,-0.2595466775839172,0.738810480887503,0.6153674840130534,-0.9354387020445953,1.0859821161750323,-0.535963445114048,0.8080577982811451,CNN,LOSO
1.9408472701283799,1.9131980701472713,0.36728731340134063,1.8381836767951225,-0.22346598237185214,-0.3493167961181975,-0.01941960588773261,-0.30317978283427544,0.7999419019420501,-1.616310608436588,CNN,LOSO
0.3979976241907235,1.6972206947731492,-1.053682419146354,-1.067802921579193,0.9503075919735757,1.7106133725819253,-0.1044492185374715,-0.16882172319001063,0.07005216311318138,1.1618783026081905,CNN,LOSO
2.9228312909042513,3.0009245280582597,-0.9273531341905741,0.23836898273478513,0.9751976297824297,0.5010941699398452,0.1895816165987434,1.0010460925671412,-2.703232292999237,0.6778753195309076,CNN,LOSO
1.9638367118641253,2.79033325801531,-0.6540756831274238,-1.830632896856457,0.5112025995249807,1.3736585451629577,-0.13744851462769186,0.9528745472029388,1.6122782579886454,1.3149144535840473,CNN,LOSO
2.2875715462238952,2.435506699692131,1.639964529371393,0.7421274910718922,0.0754336389015928,-1.6019658118971685,-0.24606248812994858,-0.8432465953161917,2.1709427174978138,-0.1758858124323366,CNN,LOSO
1.2859424770269428,2.3790148871471297,0.12320480678448567,0.5514853760404675,0.043602446372453724,1.695051040430753,-0.622649361734452,0.1946074552372427,-0.7424705856980482,-1.3200225112207058,CNN,LOSO
2.5796825035932587,2.4899529600024874,-0.6117690909052854,-0.03703679704841202,-0.42930222451725997,-0.692420979873856,-1.4063174636718339,-0.08310557262869477,-1.5047203740310022,0.7600559636896026,CNN,LOSO
2.242185844794297,2.098443617908568,0.08243975293450329,-1.4575514994649306,-0.30920907704986345,-0.7521564055905832,0.31917451041918043,1.3404504460231446,-1.8751724696457446,0.11502607914741717,CNN,LOSO
0.6755328805991483,1.7373960204456709,-0.1601327955666404,0.6713400764504657,0.21319662823768915,-0.7519693317388191,-0.31905393566661816,-0.796025856803489,1.0760071385985983,0.02131164867194222,CNN,LOSO
2.293368551126592,3.0315342621825363,1.9011906857530074,-0.060660813814620775,-0.7084067669104628,-1.5137143926128271,-1.803139676255945,-1.5841359430054898,0.2671266510114834,0.5087250232299338,CNN,LOSO
0.3083315026963669,1.8704666040703946,-1.5811907020321334,0.8950383140761154,-0.4830610516834395,0.14679301198554937,1.6122206282554243,0.8968393158655319,-0.2685306479058323,-0.8911922254152874,CNN,LOSO
2.802548339475482,2.5417836401186893,-2.151815401329305,-0.7191533192424201,-0.21113023882769444,-0.987179527151184,-0.13125696709230472,0.07685188295876821,-0.22485598180807856,-0.6500025808234597,CNN,LOSO
1.2492150506906043,1.4535766563902115,0.16865467196672768,0.44194064956940904,-1.090399077442846,1.41093237974627,-0.09858813228426173,0.018849622944847662,0.7082144232565571,0.23321613126350166,CNN,LOSO
1.34468206018166,2.3630379423931003,0.9531366339132451,0.2871241652018242,-0.6124373746404379,0.36150352520610163,-1.1437262073206618,0.10855970577652314,-0.0332299906444608,-0.2081168572725397,CNN,LOSO
2.351103339570604,2.5064484126383593,-0.12853751143893075,-1.881849045497639,-0.5487249077409615,0.09284490114111471,0.15985639199740037,-1.0276751409259581,1.2657078408647007,-0.8661748482145009,CNN,LOSO
3.936519659766015,2.932707799479386,0.9694572005267368,0.42719436187168486,-0.646227309843803,1.775310892609512,-1.19363683175648,0.9191541736100015,1.0005823180429783,-0.6706202090766449,CNN,LOSO
2.266164477913631,1.7722001732339177,1.3924653000643288,-0.2500465145989528,0.28869362927985703,0.2603218387712207,-0.1343087414705478,0.8108082731597821,0.793488720552213,-1.7485319732381808,CNN,LOSO
1.2233061826373812,1.0230517890487778,1.3043402428781525,-1.6624919880356743,1.0325462043416573,1.1267051368275833,-1.0909664302151982,-0.4108142879545848,-1.1057046684859357,-0.21492103028873533,CNN,LOSO
2.0208301082428246,2.4114918415013156,-0.30803428418574125,0.7796605322693398,1.3103087461196083,1.395683810789956,-0.5621680265783021,-0.20922187374452778,-1.6834381922209503,-0.8058700664961888,CNN,LOSO
1.335265060240396,1.0889639342566946,0.9648516330974576,1.6155828235482317,-1.234348871879922,-0.5924642591528942,-0.02640575695892703,0.2801611588196068,-0.8096035199216461,0.4240610444640897,CNN,LOSO
1.1249851300427354,1.7886890018906594,-0.47383934707091613,-0.014452270878279104,0.5462842480036996,0.0064222698109378164,-0.4363858905265686,-0.10960980392583083,-0.08836295920533532,-0.3700110298821277,CNN,LOSO
2.2488111142990532,2.742508583623186,-0.25879606266710237,1.598647170504717,0.5609194479412387,-0.29548031802916036,0.6969544045107356,-0.33381948975600995,1.1731246375866413,0.3696421921980939,CNN,LOSO
1.8389364240638921,1.8796945462076318,-0.10730214400422888,0.4477169258102776,-1.5708761520684993,-1.1267674689098053,-1.1939250063990554,0.14294309476370676,1.732514999485092,2.2313001461926323,CNN,LOSO
1.8585152934670628,2.0150939391492275,0.6380511014407572,0.5008444749444569,-1.801057734152739,-0.5426737997340217,-0.7877837519082389,-0.620847598251116,-0.1681438185847896,-0.47209057769712737,CNN,LOSO
1.564486235911474,2.4343365072834566,-1.9792998103757877,0.7479102561175338,-1.0727430257398065,0.23924686411114954,2.0740826697499735,-0.9193845915864234,-2.5302875227463297,-0.2860042218801108,CNN,LOSO
1.2007774523765837,1.1194736563419592,1.100959634998571,1.9583474542205939,-1.2295495944524168,0.4966992232365217,-0.46531045678005334,-0.10594835430413566,2.6443433470170348,-1.5029703283951532,CNN,LOSO
1.0678356313625554,0.6275032457687004,0.25373966149457344,0.4676931717654332,1.0857863249393471,0.09798315347089544,0.3080505395041023,-0.3916485674217911,0.26912694124510733,-0.3431922754974105,CNN,LOSO
1.7367888605773507,2.4984755166417143,0.6215718898560508,-0.36961033604363397,0.37710039390218647,-0.029262813684978354,1.1260502507721681,-0.05139372358848624,-1.7730324682068814,1.2619215007139917,CNN,LOSO
1.7973426647314148,1.8410889582582326,-0.9057323008626189,-0.6537663386488198,-0.5956612940434921,1.3744380931708173,-2.1356742139786955,3.1377485336599937,1.0560568090660518,0.22323891412915967,CNN,LOSO
2.0468057785471037,2.0696791360087032,-0.05489400061628639,0.28555407485765694,0.5211224283793383,0.645215585950057,0.5556044660034485,0.08958068125524882,-0.1973384203073261,-0.1512732836535117,CNN,LOSO
1.922698401702893,2.7632839847528428,-0.194908280352681,1.1337700968670645,0.5935567222808619,-2.9403886346642802,0.655900776529761,0.19473619471877485,-0.018708756445897416,-0.38851845308888583,CNN,LOSO
1.7714106076836478,1.784779613377364,1.1241127199860135,0.9475264621228578,-0.7728776678236091,0.4070522871245351,-0.971656734541286,-1.3796181647889305,-0.6267172245899651,0.8623934723827588,CNN,LOSO
1.2011204755115168,2.0061826665427476,0.9531250453760867,0.513085420097293,0.7250957868479971,0.5161782871149584,-0.6414815952229522,0.43192254467394064,0.8004095252276823,0.7542913298135743,CNN,LOSO
1.1685560009991443,2.170990506308064,1.188913371474643,0.7083038472010638,0.3514482075415829,1.0701502383164274,-0.026521259249060063,-0.8818746512277178,-0.16306696394376388,-0.7449026448064491,CNN,LOSO
1.9709635885174128,1.9234064048540365,-0.6751782749743815,-0.14451867071551783,-0.7924199209999613,-0.3079615296390403,-1.8936146669537857,0.21329370737293857,0.0012054753622242368,-0.8170886310681906,CNN,LORO
0.4664394571706899,1.7422815081059564,0.6592456684324051,0.9375701376265584,-1.6075598643689741,-0.7627247785662142,-0.7691423497872982,-0.9399031011088647,0.8294748419317485,-0.19382613877280352,CNN,LORO
1.1713228673972138,1.8698682547537675,-0.26451484131061076,-2.0038623644067535,0.6354180302092264,-1.2392583948534726,0.05993263026632825,0.2773769379581917,1.360658595838651,-1.308820399119112,CNN,LORO
0.544328918289448,0.8709234452103995,-3.0195121558208253,0.18384954475369486,1.8005111815108537,1.2389463529394373,0.20965941527462578,-0.49163618563204736,0.8071225966373103,-0.9735461997044687,CNN,LORO
0.9005298013200239,1.4281288807519323,0.47635776935621926,0.5054701591666269,1.0602099074988798,2.7596600389110777,0.39241596717876703,-0.5089636257074988,-0.025574312191994436,-1.7690759048891183,CNN,LORO
0.9464124509801017,2.4651132670597877,-0.6947131310890582,-0.409282438113104,-0.5240883979345925,0.152354872033722,-0.8224199323822006,1.1210306673244714,0.00020706491819709385,-0.009300321138614417,CNN,LORO
0.3387526896045775,1.807005855795981,-0.32789471651291785,0.15519068385897913,0.8250982646676347,-0.8671302157109003,-0.6581164890752567,-0.30372602877666466,-1.345870923473215,-0.8192578597214978,CNN,LORO
0.3011186057116618,1.16833089956189,-0.47622087354465903,0.8743891807127275,0.26256132900192497,0.19358991136754436,0.8508979621679722,-0.13737178839939665,0.3904648499288896,-0.10322175293249623,CNN,LORO
0.8480285155512266,1.3068909741770953,0.26536234939962844,-0.5827586576115821,-2.438817158276429,-0.13427916218630415,1.42274813609994,0.9262154022415924,0.9653974845911707,1.2361307218062179,CNN,LORO
1.026342508193995,1.5744077804607965,0.08865759096143744,0.1973157074055956,-0.6176518954343502,-0.31607285602704976,0.6157711497711416,1.2038844371688162,-0.13944627568099954,-0.4501892648514116,CNN,LORO
0.9159377692023222,2.054522019561791,0.0005279588565972928,0.6012067489291149,-1.4438548161335418,-2.296180953137238,-0.5505368494915835,-1.2207124259141586,-0.5081401976473109,-0.14778031881747153,CNN,LORO
0.992679924918189,3.265196440658591,-0.4532484090230134,1.4524675344707454,0.32674476460232005,0.30047435961082836,0.6222071440434019,-1.1388331177807691,1.0391117874202687,-0.07576428653545988,CNN,LORO
2.3311976102026435,1.6783729345900045,0.6704806172412126,-1.0718572330401555,-1.5537587660160643,0.8178896580250287,0.3764095260975166,-0.9020515543575104,-0.8696630812746944,1.1254347844147694,CNN,LORO
0.11963339753357172,1.632215061523197,-1.1894118928673278,1.6426729532559634,-0.9006207346478687,0.638391925608383,-0.3286184757489846,0.6031874310823431,-0.5441140021141926,-0.1627929060722942,CNN,LORO
0.5439452764223565,1.8120154279643765,0.04091917539572113,-1.0021874557814727,0.7408243454201259,-0.5132135664715852,-0.22859991534001858,-0.9943493746085122,-2.5623336587953105,-0.19102776260016902,CNN,LORO
1.5367853712952875,1.3503603939001065,2.412615421612916,0.7846042878980238,-0.01926037973439464,-0.2628908292082677,0.02246589281204638,0.54711911517521,-1.1808128153088449,1.114321694668872,CNN,LORO
1.396115321947915,1.4188091999953711,0.7153813154412441,0.7181857257079345,0.4384757388097273,0.019616657693989903,0.6728612359668199,0.591814133741378,-0.3540407109410238,-0.573601772896901,CNN,LORO
0.5881563120398817,1.2455288268896758,0.1018562952619867,1.5490201514951873,-1.2391070756539009,-1.46752526575244,0.16476084123651674,0.05088770185601806,0.1733416643704082,0.24395319790850026,CNN,LORO
1.8811687741902205,2.042956120371255,-0.22320225463480511,1.4898634386020821,-1.6009039784765156,-0.828497024780246,-0.10325476014904739,-1.6431888111541673,-0.17585440443207118,1.6614701657280182,CNN,LORO
1.1244517492939803,1.3105407833482698,0.020886488295961788,0.23070090571868349,-1.2601647651725802,-0.6163614080394775,-0.375196380323937,-0.31771509675623405,1.2816437950037687,0.5576910607251245,CNN,LORO
1.6720962553090164,2.3283128851015507,-1.111457956937032,0.24650477843200488,0.49822174849678513,1.1401490385212665,1.5805406865683735,-1.0150941918278686,-0.8108575112103382,-1.2575778589146163,CNN,LORO
1.2183301506742852,1.4220207699031227,-0.23401985910698136,0.4663583744463345,0.9873345165891019,-0.07595102364252276,-0.31984752325484395,0.15175799224874037,-0.835142901630023,2.0895387216947734,CNN,LORO
1.4366192317767617,2.1496105595139063,-1.6076610271180587,0.18474057889572446,2.0236062192296393,0.006799844559997769,-0.19003903500149447,-0.3574454228104272,-0.18039168176240783,1.3728484746765302,CNN,LORO
2.703722547707107,1.7977298308236849,-2.211861911329507,1.5334337012963255,-1.423957152450145,-0.2666523292344148,-0.42924442029866183,0.5885532697707198,-1.5981243518837476,0.46217266608194285,CNN,LORO
1.7685792279925523,2.045098793099815,2.0243096232868525,-1.3631740045928105,0.18970616761039566,-0.6619821777966091,0.42588720619303577,0.01914777741575206,-0.6414869090443096,0.487872284871074,CNN,LORO
0.4477274045401407,2.3962749459963995,1.804348109786743,-0.19090379172729868,0.7197579421481819,-1.2932729578711637,-0.9564363768180087,0.47240627788037737,1.484116028535965,0.35561334878566,CNN,LORO
0.6730561223443714,1.2967812025507244,-0.31305803052315434,-0.0007085945766459172,-1.2504077339697175,0.6045153263553668,0.8823330623234091,-0.45209033283308037,-0.4700421477595015,0.2658782296520485,CNN,LORO
1.5799407283366114,1.3002278736215716,-0.4367197360405955,-0.06613261462582246,2.0997217891665154,-0.24702570074599667,-0.3583401520212222,-0.6475418056351592,0.7441919714999368,-0.181224173218103,CNN,LORO
1.3182968006514666,1.6625154281213648,-0.649373038321426,1.321304032273012,1.4196030045136372,-0.6004235657387051,-1.8665399513606162,1.0075136898369221,-0.684629825760004,0.7906255991627686,CNN,LORO
1.2824882769732455,1.2211081229904202,-1.9701038177118355,0.8925973382993092,-1.2111719292807812,0.7307641190665245,0.014273067836434106,-0.9539394193966448,-0.4070363129267805,0.6863184569567008,CNN,LORO
0.2844312690086559,2.322858031093584,0.10589445311523424,0.5844129804724842,1.9764405845154855,-1.5642416117110514,1.617212574968624,0.10435593752321293,-0.8987840483231282,-1.3303136257389898,CNN,LORO
1.127205904204245,2.05752029597762,-0.1891203907770335,0.9216501119244593,-0.12754912037753421,1.5111549302473475,-1.4511756900515589,-0.01208894784605456,-1.252393444413119,0.3636318826249679,CNN,LORO
0.8757289584286241,1.2566704264306225,0.8868873900973003,-0.42076179368105326,-2.6042138566271342,0.19894814679649453,0.4367385517335095,0.40429475496169764,1.235782191822154,-1.0710536796490489,CNN,LORO
1.042412624379499,1.6961345746627625,0.6802161054504494,1.192507512477975,-1.7785875840065168,0.31965182591897723,-0.5041798310076715,-0.08152267310164589,0.34767648353833636,-0.4872285641135523,CNN,LORO
1.4162681701415267,1.3593718444496643,-0.6757080791616118,0.0341524174880246,-1.0872459388628026,-1.0858251288851855,0.6793732829565033,-1.148794035158656,0.6663125009092119,0.4625912928539512,CNN,LORO
1.0009839866466317,2.040845764927603,-1.7258067287905967,-0.6775646523356551,1.1941094030473725,-0.9811655311396816,-0.46440426230938764,0.4620608932518965,0.7833905092825955,-0.2515388860444957,CNN,LORO
-0.14175740287046468,1.5731527431385446,-0.5975101946916416,1.4223698616985077,1.7388996637975789,0.9788580507817954,0.08531814256502405,-0.8082657216409264,-0.8304444065565653,0.5225141052657575,CNN,LORO
0.010991313137199255,0.35087493691577576,0.4183982208886837,1.4015985929464294,0.6504500925361392,-1.503080301759818,1.0519476177229186,-0.9980606273144129,-0.3839712719523516,0.2502002062516945,CNN,LORO
0.5373955606626855,1.463900548789187,1.9956674897839644,3.109918556005361,0.6067230591361827,-0.18319661872038787,0.5345056484805503,0.8876554258738361,-0.3206676255571917,1.7952113559123222,CNN,LORO
0.0009814466045003911,0.31205994965734885,0.23007075919140207,0.49774308909139425,0.6659242520544614,0.4215866106144557,0.8389405004696122,-0.6172531865469232,-0.5583017539460305,-1.100154232971695,CNN,LORO
1.9926390828255935,1.9087709513381532,0.4395012306202264,0.7789365035121141,0.4577728661518858,1.6744924333475373,-0.005596018829046555,0.6687416555925126,-1.0917008761393143,-0.387099702474401,CNN,LORO
2.842334602694503,2.578020488325006,0.6955377575657775,0.849102110743144,-0.29396694766418224,-0.07159925185806683,-1.5178737466808094,-0.3570292008066094,0.8903831635197862,0.5752050161065663,CNN,LORO
1.6631775244994904,2.249893255648337,0.5006657213812097,0.04977368718096008,0.007063158628176452,-0.6603211394734471,0.6988284202025348,0.4209729443893898,0.49201884799279927,-0.5260348426675804,CNN,LORO
0.27995701990878596,2.5846479445938173,-2.1533429198712444,1.0971527117536957,-0.47883745600840416,-0.8627757640431206,0.6934789119139937,-0.3920126399191296,1.0599363840466218,0.6170059495766975,CNN,LORO
0.7623531969689359,1.0393850464910908,0.6835693232004776,-1.3659557112005343,1.2119439853864005,0.26125053123385605,-0.36927713924620315,0.14338846734225108,-1.77623523289832,0.40865281148067084,CNN,LORO
1.6332495759530197,2.491865967418272,-1.0293715081820716,-1.3526702858435344,-1.5223591862178911,1.1126883749899252,-0.6292633936927887,1.5337277099164992,-0.5358014630522978,-1.7073579575929467,CNN,LORO
1.4308904597235614,3.3796910424306574,-1.1165244399486591,1.2358116200069387,-0.15589817793666752,-0.5482872964906009,0.1600182258527877,0.501782736167545,1.1173988159024608,1.4484992298929262,CNN,LORO
0.5665817533056997,0.9814110201430076,-0.35976864578908574,-1.3260476860820383,-0.413465161123276,0.26028050658288615,-0.9637589262106109,-0.9571509148950429,0.34378788154988543,-0.04865235157045115,CNN,LORO
1.8739195621345193,3.3304711318635767,0.03279699541158651,-0.7584953347000695,-0.23040071420576733,-0.9242331442683044,0.8901984111247868,1.0352493347237526,-1.8461878622380938,-0.92951086019241,CNN,LORO
0.8251092755706763,2.4849749206393423,-1.496529255090079,-0.6500239344068982,-0.08343796979036086,-1.44964521969853,-0.9218598131253132,-1.0039573720814985,0.20726732939894396,0.06934433703625043,CNN,LORO
2.424736462147485,1.85457819684301,-0.7217375533372533,0.17682087213939798,-0.5466800845872654,-0.2716551103260533,1.673452090298537,1.340461051790348,-1.2995812369275976,0.8297324178791745,BiLSTM,LOSO
1.4853014519746337,1.5146900369884744,0.8113965544915921,-1.1482632887526183,0.8187776437548606,1.5379319184125528,-1.1225448062444139,-0.9175028210142636,1.0176614668435024,0.271495310825648,BiLSTM,LOSO
1.5558934529387138,1.8791117933353014,0.5514762752395233,0.3405892164004968,0.39069592092814415,-1.326472128311083,1.0473177066214483,1.1695899924277735,-0.22939074406802776,-0.04347694981386243,BiLSTM,LOSO
2.0521290724700756,1.8286512103000776,-1.5311075025557221,0.5142547560178349,0.5720574417141441,-0.062191016999311004,1.1243533598705027,-0.3340772309799405,0.5646059258936003,-1.0196643386921156,BiLSTM,LOSO
1.3087049037832539,1.6385465280482874,-0.02355215087423812,-0.17435425790283585,0.22530792204094158,-0.3695269288333586,-0.1314725956716678,0.8260471714415063,-0.43676423723821745,-1.6065771007386793,BiLSTM,LOSO
1.4478407769307,0.8513119594125457,1.7495839042054206,1.3814540786904865,-1.2922626951056186,0.6897078052451944,-0.5029747705513431,0.26348721533105957,0.2942241290134937,-0.234407800316322,BiLSTM,LOSO
1.909476887129154,2.4944363877456457,-0.7837656655863965,-0.6905410523162594,-0.9161919154812425,-0.8318222082304447,-0.06717829004935526,-0.7157599891107518,0.6820520657126199,1.4872461553359273,BiLSTM,LOSO
1.533475088533755,1.1184084080230727,-0.580053241370043,0.23940450053537707,0.49968511030293383,0.4720022709192744,0.07595526791608741,0.7426824183597224,0.4822489526806572,-1.2376624223272978,BiLSTM,LOSO
0.7214262240974537,0.9903760313258412,0.8691560643892732,0.8872908372667421,-0.7632861041785816,0.03793783544760203,0.6833289928110694,-0.20931381957936157,1.0729780477660118,2.3638724946193608,BiLSTM,LOSO
0.9133624698472558,1.1053515655907311,-0.7859860326349823,-1.3810446031537749,0.30381859560487573,0.7215625051261435,-0.23086637384476896,1.4532606633210343,-1.3386057997232488,0.6929186230316111,BiLSTM,LOSO
0.05081691621761886,1.3871937915673869,-0.6058608207588934,1.7193779062072967,1.9925153531681183,-0.7666565877833479,-0.5495571359085801,0.8595878869798019,-0.3871306497895146,-0.04541121793223822,BiLSTM,LOSO
1.3685205002310392,1.9306071127805362,0.02538842054241018,-1.9196731561976563,-0.01383774609423725,-0.6897277740641738,-0.493122822399772,1.4436320034688142,-1.2565068942792563,0.8132051867479773,BiLSTM,LOSO
0.8340579925938758,1.75315914473167,-0.2789629303318085,-0.2797601684958344,0.7903718960517113,0.34005129456889044,0.570612997219531,0.9681846605328611,-0.33130838318332273,-0.6122367345077503,BiLSTM,LOSO
1.7880043345220091,2.08405694926298,-1.085150526557798,-0.8254105299789551,2.9490944253087252,1.2446795807367868,-1.3510743662080213,-1.3224579567435701,0.4818660617184915,0.547264797377967,BiLSTM,LOSO
1.4446935568301207,0.5048747415160453,0.5488838353173644,-0.25495579355369785,-0.12545426000290022,0.3278795241593574,0.08589300629333041,-2.219300372747535,-0.22979963057519381,-0.8514064342603136,BiLSTM,LOSO
2.599217675241806,1.2014475501370558,0.17521141890851205,2.98525900260341,0.3674816654743044,-0.3135296861723979,0.9218015019772522,0.4826878872092127,0.4200944904518413,0.606850593215671,BiLSTM,LOSO
1.4441792369938675,1.8483698547764817,2.0565435648295414,-1.1308884353259157,0.47363207681145447,-0.9263811299815384,0.5555126463422483,-0.9186865114860944,-0.4173668136050844,-0.2950899142379063,BiLSTM,LOSO
0.7557446142477987,0.9930412949185579,0.975816719344709,0.9184544439424138,-1.2457173764463845,0.054934110999848726,-0.7095798547491726,-1.2585049106753345,-0.21701705042437042,-0.3084827884558197,BiLSTM,LOSO
1.0714427120636554,0.43595022605444367,2.4267164863455224,0.43295982536069616,-1.3776175007542373,-0.5647740041709423,1.0213832954293984,2.088442772869925,-1.5859833122379583,-1.879924385139045,BiLSTM,LOSO
2.336470279265691,2.0848197215762947,1.8709651753717822,0.38961417737090387,-0.8682927318763665,0.5346290861224353,-2.6357477390168778,0.003375506597160999,0.32782117284308526,0.9242701395378298,BiLSTM,LOSO
1.323110824513393,1.352209309947538,-1.0138959522925377,0.08568716140335904,-0.9254246260595873,0.2553837556743171,-0.8953463223630241,-0.4081008391602206,-0.9958153947902291,0.651136241823657,BiLSTM,LOSO
2.520867285447303,2.2021670816820924,0.8584511166566653,-0.2346205699574138,0.03823799496002834,-1.4485914146335441,-0.29967664800678706,-0.05020461704174478,2.620793091029975,-1.1119670257741636,BiLSTM,LOSO
1.956117567939199,2.1987634679792833,1.4641772387524374,0.996858773465808,0.2806364044901364,1.7586204841951334,0.3721054726068629,0.3891591956679287,-0.053120653017545344,1.2235688824186275,BiLSTM,LOSO
1.5664992055131237,1.0388186981148968,1.0964692338108837,-0.6256772874962124,-1.3192471945987674,-0.20298063739565708,-0.8000385643976464,-0.0635245746153551,1.2374381346841392,-0.45730165508679,BiLSTM,LOSO
2.022334932241278,1.309182798561051,-0.04282338131157488,0.058022734808395225,0.8484308822052846,-2.246889333984605,-0.6067002947652967,0.21128369227947272,1.2000789564268612,-0.49190244750620515,BiLSTM,LOSO
1.282870890115725,1.8587225122175954,-1.876552706041874,0.6197114459661363,-0.6353623888256293,-1.1896666590903613,-0.6243453897132241,-0.18452535765584954,-0.6047446645382127,-2.205566057099069,BiLSTM,LOSO
1.8451828154399081,2.0273203230775976,0.8970661968871322,1.2748750412787222,0.6515219913395057,-1.1376856704248166,-0.20149153394751798,-0.006521315229458062,0.5987943895619102,0.6683404887180808,BiLSTM,LOSO
1.9612638908864835,1.4088264928858076,-0.7341737987784958,0.08199555641356042,0.4572804046152411,1.4558223221467665,0.7045065398247231,0.7890566873755189,0.08382662792936094,1.4104591452035038,BiLSTM,LOSO
1.8197796805226205,1.173275140895725,0.4097627959594974,-0.8610879101735704,1.4033699701251907,0.6979032725390276,-0.4430440211284823,-0.47949296739924335,0.2965755451407618,0.4631847952675847,BiLSTM,LOSO
2.077448326093437,1.274448783372271,0.19729226563120644,0.3113086734428849,1.6999573745763805,1.0715431522348857,0.19063559126502433,0.9413105807674833,-1.0325239035275395,0.39792704994680894,BiLSTM,LOSO
0.5426544849386442,0.8153057367275162,1.80930634973311,-0.21804589539237385,-0.8476339286190848,-0.6520888885930607,-1.0896330373423884,-0.7847619081277034,-0.370508098590029,-1.405567019178642,BiLSTM,LOSO
1.7822801542782836,1.8236562816203306,0.015618333949603047,0.9022771737866472,-0.9077561801469204,1.5192839236417688,0.5107920885275947,1.0305805856240573,-0.6578345538521371,0.8545252270666157,BiLSTM,LOSO
1.611442083792066,1.4620114398294881,-1.091933900395313,0.8902475008365087,0.17183933979353122,0.5532512199847837,-1.1755946056248516,-0.8950698422766047,0.5972282182533848,-0.9483480042242007,BiLSTM,LOSO
1.0073995164130753,1.5489425465574205,0.46320629209912306,-1.3671378064602457,0.8481742126666681,-1.232523314768509,0.5522999376795232,0.6256309336460009,-0.6967718184295749,0.5820265670847269,BiLSTM,LOSO
1.9051648901195364,1.4853781177111354,0.26044226333355597,-0.5388418561927383,-1.008554684076208,-1.962625691672579,0.3496500472996937,-1.5648027713620551,0.0953441994413082,-0.2634482160822491,BiLSTM,LOSO
2.2289361360104016,0.7866591299525209,0.6791427754381955,-0.3020454994898642,-0.3294477863470914,0.7318707042882956,0.3350580290841175,0.3161559571827783,0.46926758980852623,-1.5355721232071058,BiLSTM,LOSO
1.8772423591343763,2.5191451341245212,0.756788679986982,0.6124687940136023,-1.0166831285764972,-0.2440804736742013,-0.039307287627631186,-0.1344967844017327,0.33385996656853467,1.4313667818311835,BiLSTM,LOSO
0.7706080746869269,0.8286063148056331,1.0817667276728287,-1.3122191934314063,0.6220699903060487,1.3289333195354096,0.38680852068920263,1.090980425185967,2.012270445700765,1.0237095461069814,BiLSTM,LOSO
1.1411301240360172,1.4050769754819854,0.24930859564172886,1.0450884740847535,0.14488783309689118,0.02390304328495547,-0.35141423571373254,1.5634133588321082,-0.8184286659420014,1.532367724678116,BiLSTM,LOSO
-0.2758910723614405,0.8019721253171016,0.49986412374037137,-1.3993061748019415,0.3676492929914216,-2.100026507651624,0.6255080168310357,0.885231482988991,-0.5923559556520536,0.12354769595558233,BiLSTM,LOSO
1.8092176766459827,1.2087641062970504,1.9541574337502863,-0.5057467042619367,-1.0589075870566005,1.4816634024625988,1.9625871905307948,0.0036956718478473255,1.0114630354083562,1.341475915530881,BiLSTM,LOSO
2.2226039201656738,2.1416711515406557,-0.742484232538384,-0.4853058353678683,1.230874513154735,1.6850142787085094,0.5628808601743548,-0.8798143535020543,1.9870611116994412,-0.5309708978119645,BiLSTM,LOSO
2.233388464958268,1.2673262414227238,-0.33513778117145177,0.34233783448962146,1.5541604207147741,0.8539759765522237,0.41486550036191044,0.4632885301181062,0.04351466864346608,0.5581395145185063,BiLSTM,LOSO
2.0921658321004695,1.3484009622579194,-2.529560077694303,-0.29660745906979835,0.241321934916781,-1.151014083619507,0.38632331781156,-0.20447122098612153,1.75547569831549,1.5730197252148563,BiLSTM,LOSO
0.45741229685514395,1.21196315823833,-0.46580556911816284,-0.15083771156669531,-0.0739475656083926,-0.4516594761596227,0.19502498402812674,-0.7582820688875902,-1.1306153349375263,0.6227112239002686,BiLSTM,LOSO
1.1205463481006734,2.0241918997073474,0.6295295842218108,-0.8043157596599924,0.8953554307625996,-0.6315777291653314,0.2531652380379812,0.820344012612456,-0.03361256470371301,0.4547409121411344,BiLSTM,LOSO
1.6857308372908133,1.1691303799544628,-0.5164296438875717,-0.19646658342809717,-0.20585943088034037,-0.7465783465402389,-0.1767741631157821,-1.5486182988637467,-0.4911537471421047,-0.28487549336967083,BiLSTM,LOSO
0.6253362135661727,1.14942055389262,-0.2561797524953801,-0.24149744587077882,-0.061764199860128925,0.4794415180860639,0.8745170741325226,-0.6497652268482671,-1.2032008553891445,-1.042044412243103,BiLSTM,LOSO
2.0498911876351107,1.8009785778512382,-0.48720292119492714,-0.3519213178165091,-0.7699960661974573,-1.2961166642498945,-0.4561208274741882,0.18142662011397137,0.5950294658355647,-0.5574230531083212,BiLSTM,LOSO
2.280730679832106,1.3235434043096608,-0.41299782214343406,-0.9266983088473107,-0.03143917037477642,-0.8484286341908146,0.5731278132412001,-1.7858664919341112,-0.3596296724524624,0.3011073391917421,BiLSTM,LOSO
0.4091374030783046,1.5972223244242576,0.18383451632250436,2.6930336639804966,0.34980002456790754,-1.0040545968420103,-0.09546424708907303,-1.7762463334664518,-0.08059974929676088,-0.8330560570007587,BiLSTM,LORO
1.9949282611471373,2.0529369472424066,0.9153902755601617,-0.5495402745955349,-0.11676591579524663,-0.6355578414044034,1.7388513518533313,-0.3212427661179117,1.8325570434792018,0.8141517621182666,BiLSTM,LORO
1.872669783145423,1.389086047276095,0.48206672733538614,0.3687331473175197,0.39379729821625153,-1.92767257934561,-0.2788833941507565,0.8451579711843216,-0.04889718347410554,-1.405189846803575,BiLSTM,LORO
1.9403226471570227,1.234485928719487,-0.05240445057746945,1.7041055162554912,1.2468917155347194,-0.062004009366031745,0.9514492770580866,-0.36650702036805183,-1.703871586826719,-0.9244659881295544,BiLSTM,LORO
1.5915731696159099,0.9909264291420485,1.5628887685081978,-0.2739930818293042,-0.24338397937501807,-0.29983819627488056,1.904136589573007,1.6259589153620633,2.218780233448134,-0.1590452104000513,BiLSTM,LORO
1.2696183604358402,1.1748409150514647,0.29562448874709507,-1.5166425494207911,1.4769344261182744,-1.167779551267935,0.2167755637626291,-1.097302527632844,-0.5888668267386961,-0.8372624310497003,BiLSTM,LORO
1.7641588597952036,1.0786218588877745,-0.6078752606758179,-0.5391227031489786,-0.5482687949250771,0.8333339117803071,-1.10486279306252,0.22054142701386686,1.2179591523055584,-0.513196364513396,BiLSTM,LORO
1.5085090139599653,1.7929660124964468,-0.7179188907476018,-0.23052462518025083,1.1797252083607102,0.1941076309533577,-0.5312142946075985,0.48387665118803974,-1.1022921498364233,0.681359510442948,BiLSTM,LORO
1.3898471734458824,0.7597523146087808,0.4086073077017676,-0.3078084711388841,-0.838585798447231,-0.8866809222834573,0.5348173363459102,1.2289805024890619,-0.6373077470287948,0.45838670355148425,BiLSTM,LORO
1.1507750898375226,1.5224838846600617,-2.0870270186020687,-0.5846177306571996,-0.031058932870901952,-0.9096834169818336,-0.936506374789596,-0.6677795564688862,0.29219272832637316,-0.1873290184063747,BiLSTM,LORO
2.1437794203711613,2.1538910863442404,-2.238231233324972,-2.120700152635066,-0.6068651778571754,0.45768658605355206,-2.7475048427252347,-0.4997301761516306,-0.5262478565174211,1.3883377782084478,BiLSTM,LORO
1.6023969856727378,1.762695480969108,-0.38502181171286365,0.38298898474092846,0.14125714008746323,-2.1305664798072006,0.7682072166317373,0.21539650545628794,0.5082686396745896,3.9262377064363267,BiLSTM,LORO
2.2770689993168687,0.9743894142623963,-2.0841129394985884,1.7246966497611085,-0.28744751940035557,0.2873289044030093,-0.04551224530124217,-0.4242363333980435,-0.5698329282387588,0.32950873557300914,BiLSTM,LORO
2.251095770102051,1.964521505476852,-1.5171736966716791,0.7505791675217656,-0.41619440488525394,-1.1300693390403578,-0.4500128579958137,1.2571492168625729,-0.5353350870162231,0.35845361820962024,BiLSTM,LORO
1.4986851528560179,0.8812857669177794,-0.7309562757154733,0.7579218499236196,0.6855077387902041,1.8486088332964115,-0.1755639454992155,0.6686548047579066,0.09806753953894455,1.2958717818630143,BiLSTM,LORO
1.4956684298913405,0.4664515669065302,-0.7188323876087304,0.7450053128772811,-0.19469729611668168,-0.06418817710849775,0.09175248444837286,0.2522403964266774,-0.11622904312195817,0.21471318317052634,BiLSTM,LORO
1.7517877377589741,0.904003649099829,1.5781180575621845,0.9854496856152184,0.8691545924968965,-0.4555395260238707,-0.8892408282283243,0.9553005582377528,0.8760467925297942,1.472670675750982,BiLSTM,LORO
1.7335069660020856,1.5759559767923579,-0.6039806259692295,-0.22954865536034708,-1.6394841625254342,-0.39247110606087293,0.9965705105794472,-0.46649537922819795,0.6404797952008238,-0.19050310599781134,BiLSTM,LORO
1.9571612528891853,1.5083410952323772,0.32405702822156063,-1.1476913898156673,0.08520944963390106,-2.9911359709007233,-0.18689615816198485,-1.6304732437151401,1.205994516546816,0.7774073527645112,BiLSTM,LORO
1.016877493252581,0.6983314498642287,0.46667098196608103,1.52100622715938,-0.9489165208248372,1.7473631979155582,0.9321915642603847,-0.23655528721894603,1.1356201471829441,-1.1062935124116342,BiLSTM,LORO
1.2519883327599108,0.5734564976602147,-0.8245141615276735,-0.6085897232397004,-0.5289777080640152,-1.0565576427602528,1.223083067095325,-0.25885440036983165,0.35250496835687956,-0.5703513664136806,BiLSTM,LORO
0.7418350164611431,1.5918327545492459,-1.8206033005485172,0.2700573583914221,-1.9122549754197768,-0.06863404608546861,-1.3683150388328105,1.987275999230808,0.9113627221747217,0.10575379127148042,BiLSTM,LORO
2.9200179407618094,2.0058152196735026,1.2637066776546686,-0.8463159774657358,0.543479378670093,0.1998104337187135,0.26402008133367,1.2723535001067678,0.7324921027798023,0.28872366282502326,BiLSTM,LORO
1.14687418347,0.999523847763299,-1.6548874362282961,-0.9600462952794637,-0.12270893359572414,0.09337237427665124,-1.1302037246739238,2.411676675578421,1.5163940552535728,0.6021183203924835,BiLSTM,LORO
1.361010366823566,0.9416689760814488,0.07203686128374476,-0.21220896990115168,-0.9519184600222356,0.07748051851886253,0.2577525401427507,-1.2417605754816243,0.33417641724489744,-0.15525904882474875,BiLSTM,LORO
1.394765146497156,1.2112511927623837,-1.907807557877391,-0.8603850107795019,-0.41360553342164424,1.8876876573401904,0.5565531245337582,-1.3354815690998914,0.486036289417637,-1.5473039889383655,BiLSTM,LORO
0.713765125625856,0.9239481873544402,1.0826910538870733,-0.4711246518178786,-0.09363618873917084,1.32579664754219,-1.28716356858425,-1.3971181851129912,-0.5835993263460049,1.0383788510193166,BiLSTM,LORO
1.3285675870174227,1.022009431200572,-1.5193460754768424,-2.832155598110569,-0.4511588584089988,0.5517407999109204,1.2002617497388293,-0.463161362085399,-0.41142660711600243,1.1539007342557472,BiLSTM,LORO
1.7718817481848763,1.3432266326503055,-1.8697416996954206,-0.38852077518300926,0.19042388992505774,0.44921872128503426,-0.5098066931908826,0.03444101170584135,-2.4883273534129895,-0.6582484123338483,BiLSTM,LORO
1.3007817678783626,0.9962077248219642,0.4535087125544674,-0.9822940342546795,0.058984221589597374,0.446872500802698,-0.34254920085776497,0.1704637709965709,-0.9627325652846123,-0.20661127969604665,BiLSTM,LORO
0.7034403432409625,1.9083880510106062,0.6102161695892225,0.15697296096843422,-0.5865312695639355,0.224216404290793,0.714609790636618,-2.049941278577478,1.1590740649558977,-0.336254738681072,BiLSTM,LORO
1.0229952118933405,0.8396084551780304,0.42548993324023027,1.197246923645228,-1.371673697230466,-0.7094410024275466,-0.2885486958757048,-0.7837535211244283,1.7349365758368085,-0.8567720938267928,BiLSTM,LORO
0.8692894190978793,0.6796221502798339,-0.5555467794868666,0.20438903160297678,-1.2021495260760888,-0.39568071175626385,0.31745326125017514,-0.33286040438251124,-0.09338685889994829,-0.5293321124483709,BiLSTM,LORO
2.7451998788117327,1.7596316146518385,-1.514470309180767,0.32159321133923857,1.7549330716472415,0.01840163078343813,0.22526411724754952,0.6927227551168594,-1.2693304965466992,1.7025146581296056,BiLSTM,LORO
2.4846870833130303,1.9219888432062775,0.20232879642280202,1.631856899089109,-0.7330329955239894,1.8180619225578247,0.7751554940347831,0.5530400858523584,0.23402445435314795,-0.24852861807444937,BiLSTM,LORO
0.9517808537537489,1.8772632439889239,1.2005316584738726,0.14035986984804696,-1.9670697035871523,-1.1171864617070024,-0.1858457521927473,0.3099989831655551,-0.05658848889989584,1.2189707897936632,BiLSTM,LORO
1.2838149546177284,1.0934815830190263,-1.9511018640386248,0.1435879365051602,-1.8179792253871547,0.7597122954841684,-0.09445871444200275,0.41960997202411815,-0.8638829605897661,1.279464931657751,BiLSTM,LORO
1.5381545838576307,0.1988515175857295,1.0417246640588513,0.5835443030118876,-0.12951724686344077,0.5798572852951321,-0.7068925679873489,0.8555556590207121,1.649480894323921,1.0706105599791862,BiLSTM,LORO
1.073361377742589,1.4750364682127137,-0.7296024698074095,0.3614173172731029,-1.2931415437586478,0.5723903111756757,0.45060341286253885,-1.869816339532164,-1.1617838439123638,-0.28313889674376713,BiLSTM,LORO
1.8854960301528076,2.287310558940238,-0.30085974714082625,-1.2094769354188053,0.38897872935218375,0.2514736089405121,-0.1942691319785193,-0.7557915001583629,1.0487071264165635,1.6554071130882952,BiLSTM,LORO
1.32898539070329,1.020464286881541,-0.4835614838465371,-0.6121669171548207,0.4912076654119963,-0.35802937974698623,-0.13939720066323416,0.7396531517246714,-1.9093560875072928,1.3183023248526693,BiLSTM,LORO
0.470344754218191,1.8399736530372601,0.07268052432934134,-0.4114931445621802,-0.08923415422144892,-0.03757064497948127,-1.7312013034449254,1.494938227453236,0.041325632270618466,0.4430021304473752,BiLSTM,LORO
1.2385727521076486,1.3141756205044341,0.9515497705740428,-1.0211624575603002,0.47347189903522846,-0.26764109089879357,0.8467707752164937,-2.1272274203514954,-0.099094300241269,-0.6028206557839616,BiLSTM,LORO
1.866027582995665,1.18647247171749,0.4322629506341555,0.47004418736820214,-0.7076258948220261,-0.7121738641760436,-0.11066536855732945,-0.8966422273152082,0.8419836954521269,-0.36920720044744615,BiLSTM,LORO
1.183268996504883,0.6710038868366099,-2.9069882193216414,-0.3748220566218061,-1.0385438208439723,-1.6312758154609455,-1.2374266382225725,0.10940847183297006,1.3286408282482312,0.31318447386498,BiLSTM,LORO
1.4869462953624413,1.1049521540119809,-0.6065033882157397,0.4559041951707027,-0.45909031021899177,-0.6946003691631446,-1.1543626682329844,-1.7518288067517191,-0.3899237065594453,0.15805348992013185,BiLSTM,LORO
1.058560617841815,1.2257203881607157,-0.09662367001488972,-0.4159669279473586,-0.9457460606967811,0.6082461916849685,-1.317131919946585,0.7760279138434754,-1.0022170189267248,-0.752435237353035,BiLSTM,LORO
0.9828056845118291,0.709215520614325,-1.466785190615677,-0.5014021468856367,0.9753124584779789,0.5156280884439565,0.9784221120280351,0.5221425459339358,-1.1036698285303692,-0.33078922432755736,BiLSTM,LORO
1.7991917517122953,1.0661022979467911,-0.7801991291174627,1.3305749040390402,-1.1967886464263116,0.8936976893891109,0.8929538701087693,1.8296202017160872,-0.40968659262949736,0.7123221595801621,BiLSTM,LORO
1.5370917632571652,1.6083956625091966,2.2816518365388427,-0.6176416769336966,-1.5350402475323597,-1.8800100339077637,0.7127120288613313,-1.8831502080585838,-0.37231905293792283,0.4373131870389607,BiLSTM,LORO
-0.7631311987200091,-0.975656164984871,0.18517553682991406,0.42544486418417227,0.22228985580085406,1.2788658133133932,-0.952316380738797,-0.6769951384585313,-0.772659445270824,0.8301918118626102,Conformer-lite,LOSO
-2.0347528185098236,0.42796691248970936,0.9003985883950636,0.4512253193185082,1.1834936668899279,-1.1780408673763807,1.667224111551137,1.5232386217122582,0.7356219972457467,1.78179890877106,Conformer-lite,LOSO
-1.8585539028798923,1.1138488102555557,-1.6566232076777738,-0.5244481362626519,-0.7353034606819523,0.7214793237573432,-1.0501407396021456,0.7574951493374855,1.3705361439967134,0.6952029000839993,Conformer-lite,LOSO
0.8852378132911345,-0.027939395804858824,0.2837510236615011,-0.9878733409007492,-0.8468509661253646,1.2496189052966666,0.7793490039053323,-0.03901951937754412,-0.41790954576589057,-2.025807873111377,Conformer-lite,LOSO
0.4606243552826518,2.5240200717221075,-1.0708524186844388,1.9114190871397234,-1.2804555710024668,0.18947982122108065,1.0074439731951985,-1.2549226680022925,0.1847104747810833,0.937915537510655,Conformer-lite,LOSO
-1.1059118677614408,-0.3315622865465914,0.012499321907250335,2.8684030556667683,-1.6685992588781953,1.0587285298838789,-0.17280173739646437,0.7719201548366751,0.44130715169924584,-0.7331561971099966,Conformer-lite,LOSO
-0.19698903673342777,-0.7475424780841176,0.22899639245934025,-1.8579014513982872,0.6032475005713938,0.29815846599052565,0.6386601686431024,1.0581183250871502,0.3676198402097109,0.1480894197982762,Conformer-lite,LOSO
-2.9366238551799384,-1.5665048965343475,-0.8810683366612923,-0.712220763649051,1.186734620177331,1.4363354057059785,-0.23811043631205406,0.04600274725327412,-0.9046143749937661,1.1727568452674448,Conformer-lite,LOSO
-0.9764268120257948,0.5915957751716396,0.6654168236917787,1.9412174364637491,-0.8783230771797389,-0.3780078990182172,0.2314459225255723,0.6464895377257707,-0.21566763754763232,-0.8729610904537004,Conformer-lite,LOSO
-1.0805017576245581,-0.017693841005650884,0.8814075289235711,0.7211353625455816,-0.9162741005637249,1.3554428011054958,1.1701987091966037,0.13429649724779288,0.07959786237603639,0.5540577711159071,Conformer-lite,LOSO
0.025599257125247576,1.106407048757748,-0.8617030702562581,0.03003147916408217,-2.1523835446091804,0.8764556455029355,-1.5614932224418594,1.503419828428999,-0.3301200939664503,-0.2116669819311769,Conformer-lite,LOSO
-3.0108794107259023,-0.34491985436944256,-0.6277339060845056,-0.2880388739220764,1.4185313451480366,-2.4878086565350794,1.2769653860881878,0.33802348110170816,-1.2070216478572156,-1.0753123930492379,Conformer-lite,LOSO
-1.783386450663511,-1.3398875391302976,1.676393027208203,-0.9455068799427312,-1.1533505105959594,1.1373145423647293,0.33855287628591424,-0.9379255765363989,0.216624975404619,-1.0257526836402773,Conformer-lite,LOSO
0.5234222144627314,0.8667235826390312,1.1008213984226052,1.0613709648731335,0.5320061988219431,0.3616610612470166,1.7611881248673737,-0.0003136726117747121,-1.1818741254208012,0.44947391283230687,Conformer-lite,LOSO
-1.112427509782818,0.8730292292442869,2.0860470495371137,-1.0147594931858521,-0.36146276669398575,0.41644603810145264,-0.05390484900573916,-0.9823035803773146,1.1218578562304709,2.3200407220172594,Conformer-lite,LOSO
0.35991689355263545,2.4806417106833476,0.19613145902390733,-0.9040682897360003,-1.548960525053475,0.2579759812211809,1.1038773433162576,0.4751677464953816,-0.002403840918853844,-0.5892716517893062,Conformer-lite,LOSO
-0.12898651449577492,0.040557282000162176,-1.0921636327180897,0.8347513263248821,0.9137716213855857,-1.5457297866907331,1.5898389781806839,0.5740712208940013,1.3995946451457935,-1.342127748485115,Conformer-lite,LOSO
1.3255813838301223,-0.11570274751037923,-1.365824155415439,-0.14896930976729691,0.5027844268951942,1.7963608229269636,0.7060789138151315,-0.24268127681203333,-1.0263692076658921,1.23000057271915,Conformer-lite,LOSO
-1.3353197047866998,-0.37506013207143957,-0.9647054257507148,1.6284685547723217,-0.28438464960650933,1.5905820726178503,0.6789312900592783,-0.13699548944245826,-0.5193963718261266,-0.3409078773460798,Conformer-lite,LOSO
1.4112985868552144,0.3297453148395551,0.4283166923752375,0.07715649621771674,-0.5938114080687051,-0.16563141031763223,0.0785770297191498,-2.128734094414812,0.4581681147886987,-0.9797212247168068,Conformer-lite,LOSO
-1.0262963049620195,1.5450567152880914,-1.153332403205745,-1.6873443471107104,-1.7938924978678903,-1.3554475031122892,-0.7090209576304904,1.9532591375265682,-0.5258796758952039,0.17775010626803134,Conformer-lite,LOSO
0.518741586830868,-0.5860463206851898,0.4004813865063287,0.13106518621584873,-0.07744346072599365,-1.1952937635992447,1.4509275482792119,1.8071966436378852,-1.6826586941226858,-1.0240285908863795,Conformer-lite,LOSO
-0.12261770771715375,0.20771890100442503,-0.2798103423770061,-0.9645377949101913,0.5059655534558652,-0.7282722024066131,2.1650560678066024,1.190548594343596,0.2125740306322149,1.0269862633197322,Conformer-lite,LOSO
2.1418115096078356,2.2055405033876405,1.105900424357309,-0.5639474880582432,-0.8162172445419648,0.07814306296964744,0.861636124497944,0.13906039865341766,-1.5769964821909972,-0.8028244439508423,Conformer-lite,LOSO
-0.6314584254416926,0.8298386231603105,-0.07397286359437803,-0.07566560432583026,1.9725421767898081,-1.385987942398998,0.5055892418358746,1.4891131083282896,2.271449745422796,-0.40439742318396127,Conformer-lite,LOSO
-2.8671349258257286,-0.4629447715566222,0.4914294527201998,0.5697603571986469,0.19548173155329082,-0.09884520123930605,0.4359753895000459,-2.5322460852196853,0.6820694900626313,0.12617790366196718,Conformer-lite,LOSO
0.32534274361092785,-0.31976704202782563,-0.22247489677826537,2.046862195719558,-0.6749340187905523,-0.4030759890650308,1.991553302204734,-0.8320613048498566,-0.5501152829365389,-0.14702542343084998,Conformer-lite,LOSO
-3.0245891822405087,-1.7088359937387756,0.8407344821295493,0.2078025073533134,-1.2926253471522626,-0.5321685631271895,-0.6073544332122114,-0.07722104522304557,0.4258436586298291,0.4182057558879721,Conformer-lite,LOSO
-0.5011896429018348,0.17368916655190317,-1.7760117540484022,1.063940987560856,0.2525688459966235,1.3845320475939062,0.4441983272906719,1.1013229577357622,0.46654531145012695,1.3462257562027482,Conformer-lite,LOSO
-0.6183309666741649,-0.044271521706230055,0.5222506360177785,-0.09791524644290406,2.2724347204468818,0.8890371222798921,0.5737444210044131,-1.276304416538336,-1.2883076174635377,0.2927154821418534,Conformer-lite,LOSO
0.33513848018586434,0.2767064877091333,0.1455211977682408,-0.6141225650083162,0.14098269961206,1.5886269280435958,0.6954024745502987,-1.1410085097527383,-0.1115088271429437,-0.8049664808525608,Conformer-lite,LOSO
-0.19091902400810418,-0.13041371185887574,-0.38769991640856116,-0.41361566562964275,-0.4776455826040052,-1.2551353719733949,-0.12765468151819012,-0.56060763684731,-2.929448690002268,2.052972024501663,Conformer-lite,LOSO
0.1366481956623702,0.8090550631597704,1.088769654216672,-0.37630072492499606,0.018819049740598424,-1.1716543473175618,1.6957228778108653,1.8972886947731116,0.1566937282465246,1.0235306441853447,Conformer-lite,LOSO
-1.02040212264692,1.3760323384554594,0.17528677893392386,-1.3367254388759306,-0.4118233689636573,0.13192796677195706,-0.4545477187434442,-0.218653277435036,-0.09139955750911445,-0.08087849786546131,Conformer-lite,LOSO
1.512552095211035,2.919726836199975,0.05225849049748321,-1.060605066396601,-0.7170161491279362,-1.2845842656999693,0.9778155496862003,-2.1056469418403245,1.1535903433169254,1.3863493972628433,Conformer-lite,LOSO
-0.6496946334119003,-2.0982905426742486,-0.3021805869826214,-2.6031370878272986,-0.3613105619672905,-0.06418416128881928,-1.0105982199289134,-0.5152183938082427,1.5301951988633513,0.664927162301741,Conformer-lite,LOSO
0.021730689879115084,0.21656232146062887,-0.9245641143780999,-1.5975991695954321,-0.3270173176097711,-0.21345677935043825,0.4961991873633163,-0.535316712567659,0.5114995753618614,1.9351540400602292,Conformer-lite,LOSO
1.2612598616076343,0.7568097182104416,0.8155010224442626,-0.048088507330772585,-0.18315047105329468,-0.35667313417987123,1.1806409124521446,-0.6273134459513029,0.04522270899998256,0.05119790188108534,Conformer-lite,LOSO
-0.3177738100725892,2.185840494917221,-0.501784192811532,-1.3724655478841008,0.32297450361766816,-0.06100397185538355,0.5002404694365699,-0.5336003064391669,1.2208212988130478,-0.8767737812118448,Conformer-lite,LOSO
-2.055886056264391,0.32300315835747956,1.7120402840178925,-1.7476365098282616,0.43477006455689116,0.47543068252662346,-0.7955570679408823,0.4243939378610126,1.2795186697601588,-2.2168188393540644,Conformer-lite,LOSO
-0.6233156498471574,-1.0841565785258498,0.5027448074908146,-2.4932708203300775,-0.965664803523208,1.6291663649009451,-0.581782033392054,-1.1738799644089726,-0.19793772898468187,2.067906338163552,Conformer-lite,LOSO
-0.24132946007612804,0.9168345097655757,-1.8316822472060261,-1.0513099116393445,1.4974316831796264,1.8577023435377324,-0.10343122429028392,-1.2390527025266425,2.095843501809159,1.5944423917491968,Conformer-lite,LOSO
0.32073928007110286,1.5909590468167787,0.678946987762233,-0.81240234893742,-0.049029340838036735,-0.16036008104483077,0.33085130461557777,1.451001438131336,0.8794170411374032,-1.0773760769847582,Conformer-lite,LOSO
-0.075764446573716,0.13688438488533122,1.3764964500195378,0.3131321400131553,0.6870657958589163,1.466540859278603,-1.1115802495135512,-0.035825578706462934,-0.531454551359215,-1.5678594253654559,Conformer-lite,LOSO
-1.4158629408470105,-0.04767503684260277,0.3467099776049199,2.5115565515844236,-1.8400777445057528,-0.032280611049470324,0.6405429350747734,0.12307820165618115,-0.1131280525157404,-1.2992163634458243,Conformer-lite,LOSO
-0.741770137528982,1.2309617072084515,0.23278674294016363,-0.7567639770159263,-2.1899217049785533,1.1945922205137307,0.9583858198420424,0.0516609768510798,0.22907468820570256,1.0743180127155614,Conformer-lite,LOSO
0.23354028737628452,1.420756397949283,0.2243396567780826,0.9040175547613144,-0.29748220087385013,1.3119837385739466,0.3207857259326839,0.19405194360587402,-1.270061088712032,0.2869558543017087,Conformer-lite,LOSO
-0.9169204055985768,-0.4511952219839867,-0.8319549174944512,-0.6382827265284942,-0.8153756283161211,-1.066234931899225,2.1247714030169615,1.3313390619884031,1.9203675021442612,-1.222895019555564,Conformer-lite,LOSO
-0.17762474438545,-0.8645927802176645,0.07125374991089249,-1.2935076252040958,-0.695694877197064,-0.9181269834165748,1.2395840064415615,-0.39622967810175985,1.0683793336940164,0.604120889588518,Conformer-lite,LOSO
-1.3012993720665729,-0.6201710607541397,2.303638752104789,-1.479444223139724,1.259233239786799,1.1464408704007276,-0.9733788380270346,1.0071333364731596,0.3361449630262288,-0.22747625995340778,Conformer-lite,LOSO
2.0105759123694664,2.972966932735139,-0.8239354869719996,-0.7191094514491859,2.049812095785926,0.000682818957482628,0.7821300015314592,-0.7908993816675531,-0.7798529462216388,1.0819848092499422,Conformer-lite,LORO
2.620647582364165,2.3606407523068738,-1.3495762115515322,-0.41521376790527154,0.03402741107223205,0.11137260184005242,-0.17909328501615626,0.3958197810959231,0.6928557558178116,0.73463754545933,Conformer-lite,LORO
2.572546552229487,3.2154923368709687,-0.9858038086678267,-0.2841550979287972,1.1947628618769377,0.8946471875738723,-1.372859451481064,0.35147990035220167,-1.9782252493748103,0.04693490206036963,Conformer-lite,LORO
2.2009934921900705,3.434302160863131,1.897767016745977,-0.9478927172689863,-0.8343230454915821,0.7640297815728595,-1.542801515209646,-0.6327550298850391,0.5964411375817527,-0.6342858476894031,Conformer-lite,LORO
2.5753817308512357,3.7007721006882512,-0.23596998721097162,0.7441857103150346,0.42154608353656126,0.2668183962954019,-0.33912227927003874,0.37006111526895535,-0.12373268009975662,0.45780560992578473,Conformer-lite,LORO
1.9255144748747024,2.3989996962112152,-0.49693202511797824,-0.18256897437954112,-0.9899577925520139,-0.0350076100062359,-0.8110008636288448,-1.1140464501619933,0.25866114785538813,0.21273977585766032,Conformer-lite,LORO
2.1602452696729624,2.801932424363177,0.7828737349485725,-0.43112556957509907,0.4080528468367557,0.5507975722736632,0.44477380783159476,-0.8256536828021421,0.1493634822711889,0.36414029605466136,Conformer-lite,LORO
1.7799069483656784,2.816917613010861,0.007178466907941942,-2.0864776583710847,0.16048962397348007,2.212531039397242,-0.3600392687569827,-0.7280770978553212,0.3733485597113982,0.3123782104665717,Conformer-lite,LORO
1.9161320609985486,2.501101346325751,1.1927351654164144,-1.2578681559088878,0.7313802525749924,0.5904220612514635,-0.1421465369405461,0.33868731792169,1.0294574815983573,0.8723153800284503,Conformer-lite,LORO
2.1763963772946293,2.612499303875058,-1.1430193120737286,0.8201581867554845,-0.06468860503251848,0.07287409801551539,0.0731969910016945,-0.15024298879825998,1.191707497107065,-0.08371795984921201,Conformer-lite,LORO
2.2285280666695804,1.9208272959147152,-1.1195461283831687,-0.39352985596972884,0.1786947168104756,1.2292147842970504,0.6030946849488336,-0.8505352787470439,2.4851899166788916,0.2647753109779796,Conformer-lite,LORO
2.4489467307470276,3.1797918912686884,1.2753907379990148,-0.15171443357722914,0.5333592447054494,0.8394685045184047,1.218194711754256,1.057368305378225,0.8721970000729778,-0.3150867311941086,Conformer-lite,LORO
1.962394998306305,2.3891345605258807,-0.5717460419560614,0.33260751032419755,0.9331280723410693,-0.22272070077660705,1.0651719657143865,1.4526167454861794,-0.9163209190734197,-0.8369207037962799,Conformer-lite,LORO
1.9169872695350307,2.589163791514658,-0.14037505890533644,0.3076126681891964,-0.524567013767051,1.3522026788671444,0.4240668615184512,0.03944704824073949,-1.4359095238685275,-1.3158158164275071,Conformer-lite,LORO
2.4109313160172614,2.4760576530117233,0.2810092502818063,-2.132595626154836,1.0126374096440718,-0.1581538443723203,3.2430929695947333,2.3079162506161106,-0.18144906924751675,-0.10633700253131496,Conformer-lite,LORO
2.1218204282869926,2.161696846705468,0.9955815140020298,1.7031726099180378,-1.6380290574360168,-1.7863754653546866,-0.6220348055543814,0.5827375831738644,0.4968735905075971,1.0697714549838502,Conformer-lite,LORO
2.1815477165163477,1.8875061968163935,-1.1996975283653082,-2.3161438629688766,0.8580141953021454,-0.8281962729652346,-2.018487864388638,0.14506374595938162,0.7931756882186773,-0.12205713212127726,Conformer-lite,LORO
1.433813834148479,2.267295174238449,-0.45784838618248924,-0.15936223214590656,-0.37058276240078286,-1.3480471119401671,-0.7146806769904318,0.5212799050138145,0.3216785413765001,0.16805980596682024,Conformer-lite,LORO
1.6732441907405184,2.680207401905777,-0.9951484818533795,-0.18150316213566714,-2.1770650464428547,0.17847666388538974,1.4288577078135674,-1.4741321320421057,-0.5859276733177553,0.32910677871012955,Conformer-lite,LORO
1.0301164918196817,2.192102253569515,1.2528426344274837,-0.4482246163001494,-0.6922503292658964,-1.9689231424160831,0.10343812930810638,2.042076040143744,0.2773584619646759,-0.022278979183713316,Conformer-lite,LORO
3.1060602460139433,2.7967350717046116,0.32208231076698546,-0.01109200394860206,-0.8130143722601298,0.8232799156777053,0.2257615231117544,0.017613251933657315,-0.97536602727825,1.3035079319347591,Conformer-lite,LORO
2.2764794969210156,2.7274269640665056,0.6647027453331099,-0.552920837367302,1.0018248536819372,-0.49757083838520716,-0.782003492511037,-0.7597031174802871,-1.7710685530880912,0.47154238041820573,Conformer-lite,LORO
1.9222451676952756,2.117787443367203,-1.8311448783383502,-1.2284438312657626,-2.0755880090785332,-0.08606969279089306,-0.15032046027187207,-0.32669621318636405,-1.0425776946705763,-1.17223375343664,Conformer-lite,LORO
2.0780017245797646,2.226268402881699,0.46436986354657417,-0.5505519317084877,0.31635832153614474,-0.8852486861242225,0.18106274277108234,1.3032780373160637,0.5861658003927833,-0.4124138182164804,Conformer-lite,LORO
2.5783527528490913,2.328415432987337,0.25719897035592737,-0.24066517453021302,0.007880184694728152,-0.3256110521485036,-0.1643352058853912,0.21209335307417523,-0.9933586995819507,-1.0158788269899783,Conformer-lite,LORO
2.7072688809634733,2.4534246071837016,-1.388542553831211,-1.60027110450371,-1.2172826922204794,0.15946250680412918,-0.8927875154918841,0.5136144642310962,0.03471374875256186,-1.9685042134380537,Conformer-lite,LORO
2.2141636305843027,3.133975641637545,0.6549755842216898,0.8107986455917099,-0.9938626748348534,0.4201915428949916,-0.856498237409199,0.0976703767483354,-1.2644984069549656,-1.7931064525345768,Conformer-lite,LORO
1.8629623611736372,3.559145541802949,-0.3828171896129687,-0.12372894627483615,-0.39767969361460404,-1.1840305582225594,-0.3998990621311371,0.269294752580734,-0.04489303012253698,0.1825010305992134,Conformer-lite,LORO
1.7375636941701986,2.376978049123485,-0.6701152004542329,1.1717179147161596,-1.1761733365547806,0.4875602970867186,1.1818910929599615,0.4809080927488954,-0.20252422706483003,-0.5282970466629792,Conformer-lite,LORO
2.2370350848784355,2.9953076254391076,1.036087651046256,-1.422974925261673,-0.9701242603796436,-0.3975577654917214,1.2376537575119981,0.37976763604089603,-0.9680457585102453,-0.31030770538490365,Conformer-lite,LORO
2.233664338297159,2.7364897668090427,-0.6143231440962944,-0.7097889922335351,0.9788895585567792,-1.3717431292635056,1.6087808557343735,0.8282296901846228,1.090861670603698,-0.4629395120252583,Conformer-lite,LORO
0.8648436151579402,1.5711422859821529,-0.14994071907910936,-1.433151814524712,-0.524662407066803,0.4936548476431509,1.2960630617813962,-1.1071568168024517,-0.36550593698526584,-0.15129922023252232,Conformer-lite,LORO
1.6322416024429605,1.9013568208116218,-1.3957892021924851,0.5913492417584003,-0.7239903317426091,-0.19539035117702397,-0.4519493719118777,-0.7893385057196743,-0.0070449854805546995,-0.21560957856802238,Conformer-lite,LORO
1.6352762395493368,2.9996943122073874,-0.37185788227866556,-0.7284616216803428,0.31952467078295543,1.653617268492285,0.13988723283912738,0.996118214911129,-1.3902219251534627,0.15776143929376948,Conformer-lite,LORO
1.893586544899026,3.2198268711448153,-1.0973683189710666,-1.4769249275319014,-0.7393714074590363,1.1918993344135729,0.9500158286696456,0.24300472205439969,-1.5327005598899308,-0.1962806513879368,Conformer-lite,LORO
1.801338224913161,2.095717637094427,0.30170000890173554,0.1755362295785979,-1.8437935834807457,-0.8903178480198718,-0.06407776414871663,0.5362909095171899,-2.1961278210999464,-0.16212397547985843,Conformer-lite,LORO
1.5054994619111117,2.5447458058739296,0.14304876987895235,0.8496119885162131,0.6928575842374367,0.5825713188088052,-0.7999405067019342,-1.9080021371233076,-0.39305275706140097,1.00163182520856,Conformer-lite,LORO
2.056691251269902,1.8486560013318096,1.3934545275244314,0.7105491022977853,0.42934082280173436,0.3796396483859655,-0.5561187467607805,-0.13006029355362003,1.669069525826331,-0.9425580057918763,Conformer-lite,LORO
2.381467997371363,2.688190828736019,1.6147787907098514,-0.3220281544920584,1.3254321090950785,-1.4068150094975382,0.5859042011646491,-0.736770135947622,-1.4152671919241875,0.21853404241094568,Conformer-lite,LORO
1.9002307293536118,2.697059313441698,1.0094717885959688,-0.8449414385934964,-1.4990159604584012,-0.09184476433495513,-0.08743532877718108,0.5483196275544987,0.9495945713644882,-0.059415181272494094,Conformer-lite,LORO
2.206720129048614,2.0698466562456215,1.855503314794263,0.22423474453529177,-0.3464265060068996,-1.611567359102828,-0.26265952031616774,-0.33638694541113623,0.9603047962814704,0.46248362406685406,Conformer-lite,LORO
1.6971463047211235,2.5340275472908522,-1.1793691216326172,0.1722543864110375,0.6715311717290534,1.5280313593878327,0.8875039674140593,0.7608466543114778,0.06008599461516361,0.3883120054234496,Conformer-lite,LORO
1.5150276096395348,2.6001292363369823,1.2495049007061587,-1.3327773974796497,-0.3494393272169559,-0.7725687487562407,0.3791531187261241,1.2302221756507876,-0.5969742867210739,-2.390304367469438,Conformer-lite,LORO
1.524838870382543,2.3324214854841365,-0.41222074502447015,0.9134737320174066,0.5376299029498797,0.4281862478105761,-0.27999330187447974,-1.2790307362197864,0.5152943216244674,-0.8342818100346248,Conformer-lite,LORO
2.388594605861659,2.0676023035875453,2.184096733380456,0.570507208354516,-0.5806483025539511,-0.6113852473886282,-0.09294420661358828,-0.23950192202174977,1.1168337755299542,0.18641616974404632,Conformer-lite,LORO
1.7614116358181349,2.4057211675630525,-0.7316317389085281,1.8904406851557827,0.04930833152022263,0.7688396759688968,-0.6082265074447593,0.3631156277445234,0.3111099911431952,-1.889649292096153,Conformer-lite,LORO
2.151745811181697,2.0528818496195185,2.01527511046064,1.2906444609225471,-0.39719531614598763,-1.1022697404558555,0.34756161380355205,0.08669769941439659,0.3556689485632294,0.19157739619408962,Conformer-lite,LORO
2.261755670213376,3.1709177821769092,0.5062409893059261,1.4473056993918065,0.5681032051286461,-1.0496554989099411,1.362562852712452,1.6406145634882874,3.152056734512085,-1.123494033239598,Conformer-lite,LORO
1.871413071820504,2.701506144618515,0.242882013150275,-2.0820987031889873,0.5531491563792091,-0.5482002981667726,1.9234457948249533,-0.7746149700185819,-1.6891830379672617,-0.47126374070251964,Conformer-lite,LORO
1.9808209638198349,2.498207386111791,-1.9754877712171375,0.7510994545073101,-2.0650830462563206,0.02845758118315888,-2.077811819856197,-0.3202978045366419,1.643378155804534,0.36064789143579495,Conformer-lite,LORO
