Model,Protocol,PC1,PC2,PC3
Enhanced,LOSO,2.4361172754266773,1.559550923496012,0.49932224082907795
Enhanced,LOSO,2.0466676101660677,1.4233385997915442,0.29693058721572874
Enhanced,LOSO,2.134072945731099,1.4507894654299178,0.04667593658519731
Enhanced,LOSO,2.239850648299207,1.7260354144204504,0.48560942037879995
Enhanced,LOSO,1.9663354423160273,2.0050724601049734,0.7680974094474247
Enhanced,LOSO,2.5516568991226807,1.8971284570641578,0.8377876161775512
Enhanced,LOSO,2.7347076874530822,1.8026076492828762,1.063776025649966
Enhanced,LOSO,2.3858523807595486,2.092475022899936,0.41859819436110907
Enhanced,LOSO,2.508546013400497,2.134822042305326,0.4783718873183315
Enhanced,LOSO,2.2869565807525514,1.742514742129527,0.5549776715943594
Enhanced,LOSO,2.897240006461156,1.9740168995883491,0.1779587871054159
Enhanced,LOSO,2.7256914761516575,2.288767183804449,0.39428887533951384
Enhanced,LOSO,2.019235825153116,1.949561773791538,0.8120038702244182
Enhanced,LOSO,2.5682379242048357,1.7221509463942783,0.3157187673821539
Enhanced,LOSO,2.3020935745680413,2.069603921276423,0.48016945817001294
Enhanced,LOSO,2.7594726522076423,1.8220542636927997,0.7916571461594117
Enhanced,LOSO,2.220568323164795,1.6461393266928381,0.8646687685753505
Enhanced,LOSO,2.5880147803249076,1.8023521641179319,0.7558756858811528
Enhanced,LOSO,2.2499619737365846,1.6603004324983306,0.06952719417989306
Enhanced,LOSO,2.747442088571774,1.7273932216982977,0.5438118861344372
Enhanced,LOSO,2.4583759617316305,2.1085264884033355,0.5378521756443022
Enhanced,LOSO,3.0879374423717953,1.9087386782887312,0.6021551131567662
Enhanced,LOSO,2.6966629709245433,1.7655338842761705,0.3120147549011607
Enhanced,LOSO,2.909583942107936,1.7275907357794487,0.6298775803800323
Enhanced,LOSO,2.3819010630463957,2.241369267997005,-0.03226041291995163
Enhanced,LOSO,2.261483734723299,1.625685781540991,0.33022734466711867
Enhanced,LOSO,2.1867830332636964,1.8016080135565204,0.9157302507432789
Enhanced,LOSO,2.536506593791167,1.7937628941640547,0.07552405716703381
Enhanced,LOSO,2.758890131144363,1.868900710990862,0.8046710512434208
Enhanced,LOSO,2.410797323139667,1.6251504853219325,0.603884280904053
Enhanced,LOSO,2.513149444223779,1.891822776376666,0.2174160369870814
Enhanced,LOSO,2.346694026699962,2.124322628662849,0.5349054809149796
Enhanced,LOSO,2.4586542699233247,1.7199607095880745,0.3953667879281646
Enhanced,LOSO,2.3206813690389225,1.925395047246885,0.8242352946275611
Enhanced,LOSO,2.462255306490311,1.91552597819151,0.7221894722925071
Enhanced,LOSO,2.6662866936846656,1.6706138289669175,0.026025470663205152
Enhanced,LOSO,2.1796867200210572,2.0406452986930077,0.33938157945532776
Enhanced,LOSO,2.8281341893911396,1.4083336722688635,0.6664223811531849
Enhanced,LOSO,2.5848764072760053,1.8592307850866536,0.4600590382116337
Enhanced,LOSO,3.0474346178584453,2.000692874283253,0.4806316591064309
Enhanced,LOSO,2.3547909334851607,1.3537618397307083,0.68000047926684
Enhanced,LOSO,3.2173889907380584,1.8283698731127627,0.7445537945572431
Enhanced,LOSO,2.693557840674935,2.050217298475936,0.7894890408857606
Enhanced,LOSO,2.4344452048411926,1.9185152518292719,0.9316636519038897
Enhanced,LOSO,2.7192917549162297,2.2395797994697526,0.49478567108269156
Enhanced,LOSO,1.9562703596326418,1.4277742375071916,0.40959588440054
Enhanced,LOSO,2.1571550874957928,1.5366387639457,0.6647088198742661
Enhanced,LOSO,1.9748497289030258,1.4078303224738233,0.6687027734174443
Enhanced,LOSO,2.3785298911791584,1.933439315481434,0.1956141993140313
Enhanced,LOSO,2.9469720631305143,2.1127887702489065,0.6112324706498078
Enhanced,LORO,2.506622810396629,1.9412755111695474,0.415628802690966
Enhanced,LORO,2.4998232447625126,1.9532723659338236,0.4274319678772093
Enhanced,LORO,2.0028501299749992,1.571729832510795,0.04143391205183522
Enhanced,LORO,2.3449989565221028,1.5947109066799414,0.7625349765171819
Enhanced,LORO,2.243080226221477,1.4198422974002618,0.652310438640572
Enhanced,LORO,2.8170247419227685,1.4409452589631249,0.5199652009809371
Enhanced,LORO,2.4559441057038454,2.1361124625145242,0.7270846043718071
Enhanced,LORO,2.8615686296144798,2.07248802035926,0.7994104966303399
Enhanced,LORO,2.6500285718178813,1.805689622671683,0.3703194377356409
Enhanced,LORO,2.4374271049868566,1.0227985869642457,0.6389647401380113
Enhanced,LORO,2.167884658949986,1.9233882489330236,0.5713671792607791
Enhanced,LORO,2.5041694319245478,1.6438495859012505,0.6249539469272123
Enhanced,LORO,2.3586227803235458,1.9143622550733153,0.4499959287197006
Enhanced,LORO,3.0630322189580137,2.186774224497455,1.0567027546148906
Enhanced,LORO,2.3633459341816874,1.830560584499863,0.846767700795265
Enhanced,LORO,2.3679501081460534,1.779493584714354,0.7346668543356573
Enhanced,LORO,2.44473490909645,1.840845931418845,0.8703742188519278
Enhanced,LORO,2.722087714717893,1.5408320975070247,0.3581122573791798
Enhanced,LORO,2.90938522103428,2.2154836960381776,1.1064645139285245
Enhanced,LORO,2.95515258161362,1.078694661507893,0.7483144749993026
Enhanced,LORO,2.716356000670649,1.5543865196338515,0.33563195335402296
Enhanced,LORO,2.4459616560103266,1.5899204687112234,0.6177271406759142
Enhanced,LORO,2.733394654711,2.206260756166965,0.7498853825302021
Enhanced,LORO,2.7309676979520416,2.1614053190282254,-0.08996450333079697
Enhanced,LORO,2.098708339030882,1.8152391879469065,0.7794300674515754
Enhanced,LORO,2.1764017713103163,1.7782542236009111,0.2848076148045018
Enhanced,LORO,2.832341466802077,2.217022188650177,0.5176538542795954
Enhanced,LORO,2.472799580461532,1.9510316329367579,0.48988469148751773
Enhanced,LORO,1.8555638246404853,1.6349869471264102,-0.12179154170383555
Enhanced,LORO,2.5368677239945496,1.7108190297727681,0.7877556225835849
Enhanced,LORO,2.8669943424519766,2.0381595951655314,0.8183770130000252
Enhanced,LORO,2.12603318953293,1.7338005819487152,0.6692942250880853
Enhanced,LORO,2.8299581363614283,1.7391843420911355,0.992718831062767
Enhanced,LORO,2.387655532125232,1.6478946539486636,0.8833642904791967
Enhanced,LORO,1.9794772982371374,1.5467795763414836,-0.1576342386331233
Enhanced,LORO,2.8593281720225554,2.1379554249911075,0.3494034718293907
Enhanced,LORO,2.4901307753306714,1.922262115311211,0.26405591462254957
Enhanced,LORO,2.0004393376415335,2.14896038732435,1.2202878822733292
Enhanced,LORO,2.6585275270205915,1.709484940826287,1.0682992202367416
Enhanced,LORO,2.9597264464963176,2.288490955001156,0.9726653853091906
Enhanced,LORO,2.08758178296653,1.3157986827075276,0.7519141749583249
Enhanced,LORO,2.4952008151582707,1.8335913268529584,0.8538314731689022
Enhanced,LORO,2.456727365491286,1.8418323626667397,0.6998632720140243
Enhanced,LORO,2.801957946198253,1.8921283317807953,0.7078409931072976
Enhanced,LORO,2.1831661202422965,1.1035447758977128,0.7715459833947815
Enhanced,LORO,3.2058997024364753,2.351687708840603,1.0490225428872284
Enhanced,LORO,2.398960152639453,1.86723946510224,0.6639242010362589
Enhanced,LORO,2.7444106939203308,1.9018965815509639,0.8977012596232616
Enhanced,LORO,2.487864783622203,1.6550221800283371,0.7672516079359857
Enhanced,LORO,2.7067580998623177,1.6904446518992802,0.42463202451969906
CNN,LOSO,2.1099391109967205,2.4558091694538473,1.8054441879118448
CNN,LOSO,1.4702777896973223,1.9406163613117609,1.0995471644856858
CNN,LOSO,0.9500008952516298,1.7214037410840557,1.2509650002625519
CNN,LOSO,1.9025352272718754,2.024086426799832,1.6681258927976925
CNN,LOSO,1.6930759249386862,1.292680509511381,1.1831335850997062
CNN,LOSO,1.991358948013466,2.093412534537246,0.8908462105083197
CNN,LOSO,1.5883706197063652,2.0849917775389644,1.193452058744846
CNN,LOSO,1.3350384723617306,1.6034082052481224,1.9798964099524043
CNN,LOSO,2.0177500577313294,2.5854023264418586,2.1757089226814257
CNN,LOSO,1.6107330935340323,1.5498422840628472,1.0289019203151089
CNN,LOSO,1.520627100434804,2.4288813476183764,1.4956715581109532
CNN,LOSO,2.4729058885000037,2.2318136321718742,1.0213690021416446
CNN,LOSO,2.16593454721024,2.4841083433756386,1.6251497889000581
CNN,LOSO,1.8525977322175502,2.5700075538042966,1.6581673532515606
CNN,LOSO,1.476257015556514,2.3797353100034866,1.1412838376612315
CNN,LOSO,1.1243166216282106,2.9086072683971764,1.1230750303472414
CNN,LOSO,2.1371112944977657,2.442892213717065,1.5345368710760228
CNN,LOSO,1.2712036970397513,1.4503299836418755,0.5422996708833386
CNN,LOSO,1.4847412596588159,2.4870975889765963,1.498267365907743
CNN,LOSO,2.012405208582487,2.4563359814071672,0.9045389496661513
CNN,LOSO,2.009158528051445,1.6138648112072522,0.5835200557730784
CNN,LOSO,1.783048177784747,1.9724650340004493,0.7687939356442315
CNN,LOSO,1.6886718487219572,2.083698526066966,1.1747074229599392
CNN,LOSO,2.254458227937958,2.3452508408347184,1.5367884253826274
CNN,LOSO,1.4513692894613102,0.774212121028659,1.265275066103875
CNN,LOSO,2.507529233995791,2.2003042984297703,1.1802614489979977
CNN,LOSO,0.306600748829877,1.8286148229565213,0.6514077459447011
CNN,LOSO,1.4059537575150673,3.158813538829258,1.80711538680898
CNN,LOSO,2.2786371992639003,2.3499094164566716,1.445363770690871
CNN,LOSO,1.0604871409869245,1.391246386999021,0.2848273165800652
CNN,LOSO,2.3679957733395463,2.781645268683575,0.8390853884438259
CNN,LOSO,1.1650125199154528,1.3148706905516603,0.2617667634075662
CNN,LOSO,3.1570765864357693,2.5121853191269325,1.1641031913029551
CNN,LOSO,0.580451388995215,2.3371104165907406,1.1897008482351275
CNN,LOSO,1.7862606346800511,2.3130658395137687,1.039246141087161
CNN,LOSO,1.1097081289494484,2.2964158426994934,1.3256082258282615
CNN,LOSO,1.9427861714583574,1.8111387942133343,1.2476847583645372
CNN,LOSO,1.98523547366693,2.6840940434551097,2.33811514968549
CNN,LOSO,1.4682128386589592,1.837948940049567,1.8463941077443682
CNN,LOSO,2.1230893663090153,1.813851000763735,0.8418173327272489
CNN,LOSO,1.2402948953739705,1.007464165245644,0.10642432284431314
CNN,LOSO,1.5633621435778897,1.2652900938953275,1.2191847703319911
CNN,LOSO,2.6047584272879476,2.077615820141046,1.5656017930112895
CNN,LOSO,2.248935039440291,3.7715494126518094,1.3114072763273206
CNN,LOSO,2.264938930472022,1.6787165749299997,1.534870706590497
CNN,LOSO,2.2069854639322526,2.1180300865525377,0.24944597876615116
CNN,LOSO,2.724590436568942,2.7528308653328404,1.7443466808450645
CNN,LOSO,1.1433866987101413,2.8040636773283003,1.7970848257323184
CNN,LOSO,2.7427667493079744,2.4076730115161205,1.4273484494970792
CNN,LOSO,2.080028960648456,2.998704910694156,1.233992822095343
CNN,LORO,1.6454896022735646,1.6966943150026796,0.1325009642824635
CNN,LORO,0.6416239991587412,1.9677934888220778,0.4181451502690588
CNN,LORO,0.8186823807483854,2.4259190381084355,0.820336908137628
CNN,LORO,2.81821634095276,1.5949026441742573,0.6820447556494124
CNN,LORO,1.7417330354753233,2.099435884352761,0.8923482320796892
CNN,LORO,1.6121771529738738,1.4620151349573691,1.066336182991622
CNN,LORO,1.2911661462245352,2.3806053963503215,0.95815394585022
CNN,LORO,2.0370653681427116,3.244515604877251,2.4385755127816093
CNN,LORO,0.038112026525496834,0.9097133694019591,0.6671465335196087
CNN,LORO,2.335021201159382,0.07998007158348686,0.49715069706020437
CNN,LORO,0.8593204234475245,2.6792472836641457,0.3190395328431792
CNN,LORO,0.7332472551856866,2.3794171567591373,0.26429956315032566
CNN,LORO,1.1611352903524943,2.134867660202495,2.021037360897119
CNN,LORO,0.6393655312381602,0.9647987693527191,1.2417161019921015
CNN,LORO,0.7891921099927869,1.716533666618492,1.6901437897908305
CNN,LORO,0.40467342674554174,2.0010611097432007,0.8087789997826265
CNN,LORO,1.1734231513154654,2.57525012874418,1.8041390435850972
CNN,LORO,-0.6278327854186674,1.2512478081775487,0.861361220917379
CNN,LORO,1.4045536011662232,2.4886092686582324,0.8234209052074605
CNN,LORO,1.7711840222787596,2.4396669684332712,0.6445661966040596
CNN,LORO,1.002688289955882,1.7447712770870147,0.625642346072453
CNN,LORO,1.5403875791461972,2.304391174300563,1.5414777697100868
CNN,LORO,0.45683184961458856,1.9201391291724796,0.9394456788725867
CNN,LORO,0.00035814146242718614,1.960639730514481,1.2404781101257316
CNN,LORO,1.867207216115287,2.1039125232592726,0.4950632454137027
CNN,LORO,1.6598244751276408,3.38141797065268,1.7150906004187705
CNN,LORO,0.6472788720456024,1.8723449712809836,1.2393705791356913
CNN,LORO,2.232333997882254,2.9945139665536304,0.7185447905173975
CNN,LORO,1.633991845323573,2.3392464100120502,0.571897533610837
CNN,LORO,1.877436858459399,1.733417286285306,0.39977187156184457
CNN,LORO,0.17874817115001052,1.6988054134956017,1.0818077936502801
CNN,LORO,-0.7987942645166703,2.288370570472049,0.6177579173395166
CNN,LORO,0.7436640519005765,1.4911244813113864,0.8593069614538483
CNN,LORO,1.6249025885646775,2.1142278954610063,0.8759091416564703
CNN,LORO,0.5606204943374438,1.009175734570619,0.5695083099055731
CNN,LORO,1.2518052177522987,2.324774939055225,0.8309283967736908
CNN,LORO,0.7666345847795177,1.6956288310186407,0.9246293317222145
CNN,LORO,0.2380420327571101,0.46430395280981873,-0.13897207160591862
CNN,LORO,0.23724960646438376,1.8864463004788388,-0.3831470628278364
CNN,LORO,1.0395251371598417,3.178290007602737,1.3652632270293554
CNN,LORO,1.9132833074658362,1.0147347839872727,0.5462482668040367
CNN,LORO,1.6835706354492679,2.149151202351213,-0.361916056521272
CNN,LORO,1.3707375896266907,1.7488439762812868,-0.13535941104519444
CNN,LORO,0.6072079949431655,1.1838426333075764,0.20708995274538122
CNN,LORO,1.7732465966156687,0.4935314656932439,0.16548504671608855
CNN,LORO,0.836414631986016,2.084451749690335,0.4462864316661779
CNN,LORO,0.29706448259358376,1.7087725357397066,0.8055357109028803
CNN,LORO,1.716157030346402,1.7599623437473826,0.9738183836479289
CNN,LORO,0.31064713664172505,1.5495511541261562,0.506730961497946
CNN,LORO,1.6407517260558833,2.3852093939299333,1.3544536740969795
BiLSTM,LOSO,0.9225714182915292,1.2231689591427402,0.6259611350643084
BiLSTM,LOSO,1.115808901918061,0.44208497464232477,0.4815234791687357
BiLSTM,LOSO,1.3723850456209827,2.515154724554587,0.22364915626433213
BiLSTM,LOSO,1.0231532816098752,0.8134228420637722,-0.20035288140012814
BiLSTM,LOSO,1.1594744735351519,1.0544943467874823,1.2624737021427384
BiLSTM,LOSO,1.5140322140317133,1.2472154785812788,0.4681752196687142
BiLSTM,LOSO,1.3095582079667352,1.4676310270004647,-0.10124580378185638
BiLSTM,LOSO,1.936097037221273,0.5537892906175476,0.15458630900132653
BiLSTM,LOSO,0.5722639106436084,1.2820558593041593,-0.22569288882193322
BiLSTM,LOSO,1.632218117351977,1.2617235686374157,0.6496003956876801
BiLSTM,LOSO,2.7232926374334374,1.8005882769026074,0.2483401692361045
BiLSTM,LOSO,1.2938823499379597,2.3031448833098103,0.13001453081083342
BiLSTM,LOSO,1.0824917343571319,1.5014994459150106,-0.2923307662013052
BiLSTM,LOSO,2.0700514107166974,1.6385575029144241,1.17469008472749
BiLSTM,LOSO,1.1432319216906417,2.00746134567993,0.6451058556612812
BiLSTM,LOSO,0.7935289854895552,2.244009594273281,0.9959209005936815
BiLSTM,LOSO,1.9162156111644624,0.9632743935264566,0.7488837637070325
BiLSTM,LOSO,0.85064049690509,1.4250706062269831,-0.21899000029545573
BiLSTM,LOSO,0.3588130067771751,0.5412683708974132,-0.26869480361554493
BiLSTM,LOSO,1.5638732915399411,1.4982838918305346,0.21294399400469707
BiLSTM,LOSO,1.5892635349319733,1.8458914178661172,0.5469671512467423
BiLSTM,LOSO,1.5321954591379965,1.8391474753044617,0.6233311645811344
BiLSTM,LOSO,1.9343000158253043,1.8987096740870388,-0.8225789026463994
BiLSTM,LOSO,1.2791045929562532,1.3232521993369162,-0.8751357245316294
BiLSTM,LOSO,1.465481459918588,2.061179378080052,0.03243033498004333
BiLSTM,LOSO,1.6038631172174147,1.6099028135556086,1.2756618831055642
BiLSTM,LOSO,1.5064276487874835,0.6813807074958174,0.01029445960430786
BiLSTM,LOSO,1.8743653682520627,1.9144078467188321,0.8223538690215062
BiLSTM,LOSO,2.25661796810841,1.839913456022289,0.3188054256294902
BiLSTM,LOSO,1.910584492245782,1.3606988726875116,0.3454593795601823
BiLSTM,LOSO,1.9602913861858322,1.6289033980643115,-0.2342816381681158
BiLSTM,LOSO,1.387570894238314,1.212687004411961,-0.07239509462538074
BiLSTM,LOSO,1.0188960331915529,1.4442379755918346,0.8158871386268496
BiLSTM,LOSO,1.4791773017158099,1.4298448718963757,0.7887090122438951
BiLSTM,LOSO,1.3027375738681743,2.473003481459687,0.31641707981884726
BiLSTM,LOSO,0.9281089296558824,1.1427506817030373,1.0171873764337376
BiLSTM,LOSO,2.9697241600973676,1.8125458973469812,0.40569792533652227
BiLSTM,LOSO,1.3979127089539314,1.5638832042146333,0.5755036337323352
BiLSTM,LOSO,1.8611956023669682,1.2273977481958536,0.0759254721338884
BiLSTM,LOSO,1.3177658705153688,1.5441771407716247,0.3379898013811749
BiLSTM,LOSO,0.7651264086174231,2.1216155894890303,0.233765823321064
BiLSTM,LOSO,1.207473602768384,1.2337345126657662,0.04079450941708168
BiLSTM,LOSO,1.569387785780245,1.5457714532559925,0.04614269217372946
BiLSTM,LOSO,1.8586336410368482,1.9814732229535692,0.12125400200685382
BiLSTM,LOSO,0.8491282877004067,1.4937279902360567,0.9397021370272616
BiLSTM,LOSO,1.4178972103730516,1.0236055285823848,0.4369570795756148
BiLSTM,LOSO,0.9617615821292063,1.1098273450444,-0.8722373398319911
BiLSTM,LOSO,1.8867426951722268,2.1077865506478606,0.7371526466588566
BiLSTM,LOSO,1.0541926585917893,1.4340653332398179,0.4207713071014276
BiLSTM,LOSO,1.5779948901085425,2.268099151480569,0.18044287783557375
BiLSTM,LORO,1.372112451576705,2.2027254612262968,0.7687698658299188
BiLSTM,LORO,0.8971339528924483,0.29571513319083054,1.1786901116322133
BiLSTM,LORO,1.1048595879256453,1.3114906780516777,0.004249275522927143
BiLSTM,LORO,0.8958584455134715,1.0877291880818774,0.46389923812087147
BiLSTM,LORO,0.20773809545495836,-0.04801297176248731,0.18317672386935466
BiLSTM,LORO,1.948020590401756,1.0849086837949804,1.0380486838938503
BiLSTM,LORO,2.312993497856145,1.0168362193938267,0.1490660761301989
BiLSTM,LORO,1.975327459303001,1.13292467429045,0.5813818488066682
BiLSTM,LORO,0.5562149885743849,1.5460596546594232,0.5698090887633926
BiLSTM,LORO,1.5749555383463656,1.2365184894738488,0.6436426012054145
BiLSTM,LORO,0.9740699544744457,1.3659138981269545,0.8880788678455815
BiLSTM,LORO,1.373178598893228,0.640183737501483,0.3790442961942761
BiLSTM,LORO,1.100258950687848,0.8974374436434216,0.05426513637704866
BiLSTM,LORO,2.386601051520598,1.834112318330433,0.6792374146788551
BiLSTM,LORO,0.7765223481415421,1.734948090141138,0.4576038278116007
BiLSTM,LORO,0.9333291538835958,0.6857802428380629,0.3667332530986608
BiLSTM,LORO,1.5011346573164381,1.0147042151980283,0.6357615424526044
BiLSTM,LORO,1.6358297514462024,1.623496883426421,0.35750786350937935
BiLSTM,LORO,1.5574753786052027,1.4695905929395305,0.6520968346771234
BiLSTM,LORO,1.8970562334236882,1.5178492561546408,-0.1352779510963631
BiLSTM,LORO,1.5347285200142289,1.0431132351908625,0.9680573099036622
BiLSTM,LORO,1.4241708432957414,1.4546387504755622,-0.36884184493792904
BiLSTM,LORO,1.52690748322277,1.0039783504052375,0.08113537874241972
BiLSTM,LORO,0.8743944782786696,0.5608723205231411,0.7110159633867692
BiLSTM,LORO,0.08228529382810557,0.5631359245534164,-0.10255719048946221
BiLSTM,LORO,1.053290185246331,0.5690259231613544,-0.5577624719989852
BiLSTM,LORO,1.3793307315852181,1.906743831676678,0.22058888692313652
BiLSTM,LORO,1.4922527381847024,2.077175706163639,0.7129685563846342
BiLSTM,LORO,1.6609389181150522,0.8273843932482314,0.7484042305875918
BiLSTM,LORO,2.1606325305786136,1.5838310764436407,0.24610376664033293
BiLSTM,LORO,1.4886830820030392,1.5164768929446755,-0.10470823948272678
BiLSTM,LORO,1.3098548022630614,0.9735135205541141,0.3960383339572938
BiLSTM,LORO,1.8783467791349968,0.9117611352474702,-0.6145890623666702
BiLSTM,LORO,1.428447952389331,1.7890500781892968,0.5645748451222442
BiLSTM,LORO,2.222464540126415,0.9323695091441725,0.5405847540901529
BiLSTM,LORO,1.5062640394376605,1.5501245652064806,0.9148539793280904
BiLSTM,LORO,1.8825082827980282,1.3487756173180556,0.372806820869044
BiLSTM,LORO,2.811787921952802,1.1146323997883794,0.7176276150763629
BiLSTM,LORO,1.6326980797117419,1.5380947092996653,0.7328214765815693
BiLSTM,LORO,1.6470311006545917,0.46800967592940346,0.656517969947349
BiLSTM,LORO,1.1054861632886541,1.9135755539977257,0.3227894104827928
BiLSTM,LORO,1.9653095020936378,1.0890138007410233,1.049840834317155
BiLSTM,LORO,1.723742079610221,1.4730484236647572,0.43668259314973734
BiLSTM,LORO,1.4556473533916752,0.5036932861668788,-0.8037823367344187
BiLSTM,LORO,2.0221717430988955,1.1104166502370596,0.3566966982757825
BiLSTM,LORO,0.5899910874374658,0.5468027088211931,-0.2825437519899374
BiLSTM,LORO,1.509509942933124,0.6213170003753713,0.13902635141916775
BiLSTM,LORO,1.5795674874245034,0.5631040492401744,0.2639286205324156
BiLSTM,LORO,0.8654927260411399,0.6680686150750078,-0.15090762103595268
BiLSTM,LORO,1.5752817766129152,1.251358275774298,-0.23446475835460123
Conformer-lite,LOSO,-1.0645087683717023,0.04242722417805278,-0.9536669891978331
Conformer-lite,LOSO,-1.5308514231453587,-0.886401888908527,-1.6977513011095153
Conformer-lite,LOSO,1.2771282822854677,0.6522630035079982,-0.39737865533826533
Conformer-lite,LOSO,-2.6016202599740925,-1.4802390160391397,-1.7693645995576461
Conformer-lite,LOSO,0.20858473723087656,-0.5202155378523996,-2.013593528080481
Conformer-lite,LOSO,-0.356668757856323,-0.33430779955711626,-1.3612704590463895
Conformer-lite,LOSO,0.18881883875727135,-0.07555701426516731,-0.3193740487400928
Conformer-lite,LOSO,0.3953175675163999,1.3082710817805594,-0.9431224017877979
Conformer-lite,LOSO,-2.5820033440622367,0.11470977781741895,-1.0620819756710647
Conformer-lite,LOSO,0.09078063401127434,-0.6303087990044374,-2.0536223414620993
Conformer-lite,LOSO,0.903399040983043,0.6886079054702063,-2.5005911502471685
Conformer-lite,LOSO,1.6685514094784253,2.004911403684948,-0.4335662796187303
Conformer-lite,LOSO,0.885523284221523,0.6094319434650834,-0.7538160562150589
Conformer-lite,LOSO,-0.6234069591416822,0.6570276455587015,0.41852886067949924
Conformer-lite,LOSO,-0.8546287337201572,-1.2172376125120306,-0.2861530276161437
Conformer-lite,LOSO,-0.5613762808070636,1.9429471076237563,-0.032158935931908106
Conformer-lite,LOSO,-0.35063296521630977,0.2705305265557476,-1.2353503419545584
Conformer-lite,LOSO,-1.3422429009619479,-0.35836519558904417,0.2607477149116664
Conformer-lite,LOSO,0.30004091463121896,-0.31985087701798925,-1.3754679560369596
Conformer-lite,LOSO,-0.49869165191645654,-0.5925293239953693,-1.289095031197323
Conformer-lite,LOSO,-0.24943640200617756,-0.8849772309293442,-1.9175726364103043
Conformer-lite,LOSO,-0.9661494443040275,-1.0575483064176658,-0.534658902393594
Conformer-lite,LOSO,1.1866728139846419,0.08887963888055915,-1.6545981573787705
Conformer-lite,LOSO,0.7600214515016117,1.6141959077148915,-0.7343053567291548
Conformer-lite,LOSO,-1.7210706213615345,0.01442827420056414,-1.2953265991238292
Conformer-lite,LOSO,0.5497206319780992,3.0773769078867925,-1.1233097726879826
Conformer-lite,LOSO,1.5098671903144378,0.7490193624995993,-0.2220490925649483
Conformer-lite,LOSO,-1.4727320077655972,0.2468755924424793,-0.715372335418546
Conformer-lite,LOSO,-0.9560194494228258,-0.14678642258735058,0.4150874205112103
Conformer-lite,LOSO,-1.4199588249533348,-0.4145473110128543,-1.2934856271683033
Conformer-lite,LOSO,-1.954698892597391,0.9100022827926033,-0.14169359661658487
Conformer-lite,LOSO,-0.5315488825450931,1.2394175829880538,-0.282969477106521
Conformer-lite,LOSO,-1.8262095562062957,-1.1364889036717645,-2.5163401015882068
Conformer-lite,LOSO,-0.029042282698200583,-1.230095871873041,-1.536054869824075
Conformer-lite,LOSO,-0.8325998219035224,0.03108455129833318,-0.3143607386920264
Conformer-lite,LOSO,-0.21635509287771904,-0.7584051710511477,-1.333030241074747
Conformer-lite,LOSO,-1.560562974962346,-1.0964527322587638,-0.5269161596304974
Conformer-lite,LOSO,0.4608996433204201,-0.3565745918175291,-2.5682563278576076
Conformer-lite,LOSO,-2.0495473778938744,-0.8857506101400787,-2.2923332511072942
Conformer-lite,LOSO,-0.18924772101970472,0.4747891090571948,-0.36992844462236996
Conformer-lite,LOSO,-1.320390006082231,0.015779648732734575,-0.9602414891765939
Conformer-lite,LOSO,-1.3245363703269093,-2.318022504439016,-2.7310318448602513
Conformer-lite,LOSO,-0.3652687350169595,-0.18842175926704807,-0.758143293046533
Conformer-lite,LOSO,0.004384970391271503,1.9452148760264099,-1.2485681126434087
Conformer-lite,LOSO,-0.5471655375988344,-0.09796865184899473,-1.7947075441351905
Conformer-lite,LOSO,-2.887847458203142,0.1769856636633226,-1.883463249263639
Conformer-lite,LOSO,0.19297157898629336,-1.2212214505034746,-0.7776217342129497
Conformer-lite,LOSO,0.5564433775600817,0.1826153919328656,-1.3736361198897804
Conformer-lite,LOSO,0.29001871601073415,-0.3233691282042633,-1.0431400867025034
Conformer-lite,LOSO,2.0275106111343453,0.17668387225579055,-0.29382270809614963
Conformer-lite,LORO,2.3967497344136666,2.5676936550546174,1.6592462834430286
Conformer-lite,LORO,1.7048270064101234,2.6263090253239367,1.4241547308498337
Conformer-lite,LORO,2.3541841941265393,2.214418824051339,1.3524999049731803
Conformer-lite,LORO,2.1918925856003226,3.084991813589943,0.8165341309140752
Conformer-lite,LORO,1.0347591883957705,2.4269997551629063,1.5517879778928154
Conformer-lite,LORO,2.194733029778945,2.8832604159429165,2.298664258598808
Conformer-lite,LORO,2.285438555058472,2.6260879132547497,1.5206741231554302
Conformer-lite,LORO,1.7443700753561824,2.5701195563520045,1.1032534831373635
Conformer-lite,LORO,1.358875779033824,2.5249373203753214,1.0546478303157814
Conformer-lite,LORO,2.628296608303166,2.2486218443957378,1.4359316908499244
Conformer-lite,LORO,2.03454560980278,2.7478129536830695,1.5938726096675535
Conformer-lite,LORO,1.255496045337026,1.5911800632803828,1.0173474177336521
Conformer-lite,LORO,1.6158016920286031,2.1360626674803687,1.1507487446718117
Conformer-lite,LORO,2.061172338087975,2.590863325350882,1.5544282399120752
Conformer-lite,LORO,1.7518311836267806,2.0778286682352234,1.470977920603837
Conformer-lite,LORO,1.9365688221121713,2.9179411169871448,1.0839676722224176
Conformer-lite,LORO,1.7665440388421856,1.908666868291686,1.4152081581450513
Conformer-lite,LORO,3.761288418731839,3.2596173655646816,1.6725863844997073
Conformer-lite,LORO,1.2952316460664064,2.135338456285622,1.6055130096418015
Conformer-lite,LORO,2.389580547283493,2.6015088017472605,2.2876601433987127
Conformer-lite,LORO,2.1891781668938632,2.3609797775093404,1.6766599873126717
Conformer-lite,LORO,1.853544379129799,2.2210718435465204,1.4260552849063888
Conformer-lite,LORO,0.9882143189683923,1.586924703392678,0.9932506771841441
Conformer-lite,LORO,1.9228594805335584,1.701128231058295,1.250494366103704
Conformer-lite,LORO,1.5251880806055427,2.1192185621658335,1.9517199895095856
Conformer-lite,LORO,2.516694534158884,3.023933142537534,1.5416834259218488
Conformer-lite,LORO,2.133188618120622,2.40695546712984,1.5072295517046714
Conformer-lite,LORO,2.2781781044995872,1.998380581624422,1.1287317190368324
Conformer-lite,LORO,2.4287112630457566,2.1981617295669995,1.5858751092155035
Conformer-lite,LORO,2.7151116087850764,2.715090446510596,1.7973268123891077
Conformer-lite,LORO,2.481169916537791,2.421176571347228,1.2251287227828558
Conformer-lite,LORO,1.9022902122658065,2.4782368247167885,1.5132877536528415
Conformer-lite,LORO,2.1719746972745795,2.810737710182199,2.4167860514211337
Conformer-lite,LORO,1.9648271846444239,3.3998653661101543,1.4742433965058246
Conformer-lite,LORO,2.013961598136738,2.61486536956773,2.29317698586605
Conformer-lite,LORO,1.526847729989259,1.786787291446962,1.8906265373711604
Conformer-lite,LORO,1.3540455812986412,2.6925845889331197,0.8228324169101813
Conformer-lite,LORO,0.5726210657098976,2.209724934982275,0.9373556546825973
Conformer-lite,LORO,2.300493302301023,1.4603425317647125,0.9945471116248499
Conformer-lite,LORO,1.971759553707751,2.0276203419510326,1.4109092080207104
Conformer-lite,LORO,1.7623899969520893,2.1560493857088314,1.2803357070874621
Conformer-lite,LORO,1.809514118352293,2.698797260630247,1.627663093884015
Conformer-lite,LORO,2.6257314325974592,3.3350674413705574,1.7118254630890135
Conformer-lite,LORO,2.5931011660151415,2.597212517476883,2.0075304357772756
Conformer-lite,LORO,1.1392754177444826,2.6105290064377495,1.4362577332830375
Conformer-lite,LORO,1.331190340329072,2.3556266236230274,1.4568211114930387
Conformer-lite,LORO,1.5183921595794994,2.430557418537505,1.6138072870331597
Conformer-lite,LORO,2.4189784124604525,3.020688312515138,2.015454951418086
Conformer-lite,LORO,2.784128166196436,3.0186160671959845,1.7680319526619237
Conformer-lite,LORO,1.9083104299908773,1.9881642295175999,1.6045659970676802
